GPU 6 available. Starting tune.
Tuning optionb: trial 1/16 | {'hidden_size': 64, 'dropout': 0.25, 'lr': 0.001, 'weight_decay': 0.0001}
Selected dataset: optionb
Dataset folder: <MEX2>/optionb
Device: cuda
Classes: 33 | Wake: HELLO_KIBO | Exit: SAGITTARIUS | Excluded: ['HELLO_BUDDY', 'KNOCK_KNOCK', 'OKAY_THANK_YOU']
train speakers: ['s0', 's1', 's10', 's101', 's102', 's103', 's104', 's105', 's106', 's107', 's108', 's109', 's11', 's110', 's111', 's112', 's113', 's114', 's115', 's116', 's117', 's118', 's119', 's12', 's120', 's121', 's122', 's123', 's124', 's125', 's126', 's127', 's128', 's129', 's13', 's130', 's131', 's132', 's133', 's134', 's135', 's136', 's137', 's138', 's139', 's14', 's140', 's15', 's16', 's17', 's18', 's19', 's2', 's20', 's21', 's22', 's23', 's24', 's25', 's26', 's27', 's28', 's29', 's3', 's30', 's31', 's32', 's33', 's34', 's35', 's36', 's37', 's38', 's39', 's4', 's40', 's41', 's42', 's43', 's44', 's45', 's46', 's47', 's48', 's49', 's5', 's50', 's51', 's52', 's53', 's54', 's55', 's56', 's57', 's58', 's59', 's6', 's60', 's61', 's62', 's63', 's64', 's65', 's66', 's67', 's68', 's69', 's7', 's70', 's71', 's72', 's73', 's74', 's75', 's76', 's77', 's78', 's79', 's8', 's80', 's9', 'sx']
val speakers: ['s141', 's142', 's143', 's144', 's145', 's81', 's82', 's83', 's84', 's85', 's86', 's87', 's88', 's89', 's90']
test speakers: ['s100', 's146', 's147', 's148', 's149', 's150', 's91', 's92', 's93', 's94', 's95', 's96', 's97', 's98', 's99']
Train/Val/Test: 16296/1919/1896 recordings
Architecture: crnn | GRU hidden size: 64
Dropout: 0.25 | Initial LR: 0.001 | Weight decay: 0.0001 | LR halves after 4 epochs without validation F1 improvement
Epoch 01 | Loss: 3.1421 | Validation loss: 2.1053 | LR: 0.001 | Validation accuracy: 49.6% | Macro F1: 0.440
Epoch 02 | Loss: 1.5238 | Validation loss: 0.8552 | LR: 0.001 | Validation accuracy: 81.9% | Macro F1: 0.820
Epoch 03 | Loss: 0.8753 | Validation loss: 0.5053 | LR: 0.001 | Validation accuracy: 91.5% | Macro F1: 0.914
Epoch 04 | Loss: 0.6650 | Validation loss: 0.3724 | LR: 0.001 | Validation accuracy: 92.8% | Macro F1: 0.928
Epoch 05 | Loss: 0.5645 | Validation loss: 0.2991 | LR: 0.001 | Validation accuracy: 94.0% | Macro F1: 0.939
Epoch 06 | Loss: 0.5211 | Validation loss: 0.2794 | LR: 0.001 | Validation accuracy: 94.9% | Macro F1: 0.948
Epoch 07 | Loss: 0.4947 | Validation loss: 0.2836 | LR: 0.001 | Validation accuracy: 94.8% | Macro F1: 0.948
Epoch 08 | Loss: 0.4743 | Validation loss: 0.2549 | LR: 0.001 | Validation accuracy: 95.3% | Macro F1: 0.953
Epoch 09 | Loss: 0.4583 | Validation loss: 0.2638 | LR: 0.001 | Validation accuracy: 95.5% | Macro F1: 0.954
Epoch 10 | Loss: 0.4471 | Validation loss: 0.2310 | LR: 0.001 | Validation accuracy: 95.6% | Macro F1: 0.956
Epoch 11 | Loss: 0.4408 | Validation loss: 0.2291 | LR: 0.001 | Validation accuracy: 96.4% | Macro F1: 0.962
Epoch 12 | Loss: 0.4341 | Validation loss: 0.2033 | LR: 0.001 | Validation accuracy: 96.9% | Macro F1: 0.967
Epoch 13 | Loss: 0.4278 | Validation loss: 0.1790 | LR: 0.001 | Validation accuracy: 97.6% | Macro F1: 0.975
Epoch 14 | Loss: 0.4204 | Validation loss: 0.1695 | LR: 0.001 | Validation accuracy: 98.4% | Macro F1: 0.984
Epoch 15 | Loss: 0.4164 | Validation loss: 0.1733 | LR: 0.001 | Validation accuracy: 97.8% | Macro F1: 0.977
Epoch 16 | Loss: 0.4124 | Validation loss: 0.1800 | LR: 0.001 | Validation accuracy: 97.9% | Macro F1: 0.978
Epoch 17 | Loss: 0.4112 | Validation loss: 0.1840 | LR: 0.001 | Validation accuracy: 98.2% | Macro F1: 0.982
Learning rate reduced: 0.001 -> 0.0005
Epoch 18 | Loss: 0.4055 | Validation loss: 0.1771 | LR: 0.001 | Validation accuracy: 97.8% | Macro F1: 0.977
Epoch 19 | Loss: 0.3992 | Validation loss: 0.1751 | LR: 0.0005 | Validation accuracy: 98.0% | Macro F1: 0.979
Epoch 20 | Loss: 0.3966 | Validation loss: 0.1719 | LR: 0.0005 | Validation accuracy: 98.4% | Macro F1: 0.983
Epoch 21 | Loss: 0.3949 | Validation loss: 0.1730 | LR: 0.0005 | Validation accuracy: 98.4% | Macro F1: 0.984
Epoch 22 | Loss: 0.3941 | Validation loss: 0.1615 | LR: 0.0005 | Validation accuracy: 98.7% | Macro F1: 0.987
Epoch 23 | Loss: 0.3918 | Validation loss: 0.1797 | LR: 0.0005 | Validation accuracy: 98.6% | Macro F1: 0.986
Epoch 24 | Loss: 0.3906 | Validation loss: 0.1842 | LR: 0.0005 | Validation accuracy: 98.4% | Macro F1: 0.984
Epoch 25 | Loss: 0.3888 | Validation loss: 0.1774 | LR: 0.0005 | Validation accuracy: 98.6% | Macro F1: 0.986
Learning rate reduced: 0.0005 -> 0.00025
Epoch 26 | Loss: 0.3876 | Validation loss: 0.1768 | LR: 0.0005 | Validation accuracy: 98.5% | Macro F1: 0.985
Epoch 27 | Loss: 0.3852 | Validation loss: 0.1707 | LR: 0.00025 | Validation accuracy: 98.6% | Macro F1: 0.986
Epoch 28 | Loss: 0.3842 | Validation loss: 0.1812 | LR: 0.00025 | Validation accuracy: 98.6% | Macro F1: 0.986
Epoch 29 | Loss: 0.3836 | Validation loss: 0.1761 | LR: 0.00025 | Validation accuracy: 98.4% | Macro F1: 0.984
Learning rate reduced: 0.00025 -> 0.000125
Epoch 30 | Loss: 0.3829 | Validation loss: 0.1824 | LR: 0.00025 | Validation accuracy: 98.3% | Macro F1: 0.983
Epoch 31 | Loss: 0.3819 | Validation loss: 0.1829 | LR: 0.000125 | Validation accuracy: 98.5% | Macro F1: 0.985
Epoch 32 | Loss: 0.3815 | Validation loss: 0.1876 | LR: 0.000125 | Validation accuracy: 98.4% | Macro F1: 0.984
Early stopping. Best epoch: 22
Trial 1 finished | Validation accuracy: 98.7% | Macro F1: 0.9866 | Best trial: 1
Tuning optionb: trial 2/16 | {'hidden_size': 64, 'dropout': 0.25, 'lr': 0.001, 'weight_decay': 0.001}
Selected dataset: optionb
Dataset folder: <MEX2>/optionb
Device: cuda
Classes: 33 | Wake: HELLO_KIBO | Exit: SAGITTARIUS | Excluded: ['HELLO_BUDDY', 'KNOCK_KNOCK', 'OKAY_THANK_YOU']
train speakers: ['s0', 's1', 's10', 's101', 's102', 's103', 's104', 's105', 's106', 's107', 's108', 's109', 's11', 's110', 's111', 's112', 's113', 's114', 's115', 's116', 's117', 's118', 's119', 's12', 's120', 's121', 's122', 's123', 's124', 's125', 's126', 's127', 's128', 's129', 's13', 's130', 's131', 's132', 's133', 's134', 's135', 's136', 's137', 's138', 's139', 's14', 's140', 's15', 's16', 's17', 's18', 's19', 's2', 's20', 's21', 's22', 's23', 's24', 's25', 's26', 's27', 's28', 's29', 's3', 's30', 's31', 's32', 's33', 's34', 's35', 's36', 's37', 's38', 's39', 's4', 's40', 's41', 's42', 's43', 's44', 's45', 's46', 's47', 's48', 's49', 's5', 's50', 's51', 's52', 's53', 's54', 's55', 's56', 's57', 's58', 's59', 's6', 's60', 's61', 's62', 's63', 's64', 's65', 's66', 's67', 's68', 's69', 's7', 's70', 's71', 's72', 's73', 's74', 's75', 's76', 's77', 's78', 's79', 's8', 's80', 's9', 'sx']
val speakers: ['s141', 's142', 's143', 's144', 's145', 's81', 's82', 's83', 's84', 's85', 's86', 's87', 's88', 's89', 's90']
test speakers: ['s100', 's146', 's147', 's148', 's149', 's150', 's91', 's92', 's93', 's94', 's95', 's96', 's97', 's98', 's99']
Train/Val/Test: 16296/1919/1896 recordings
Architecture: crnn | GRU hidden size: 64
Dropout: 0.25 | Initial LR: 0.001 | Weight decay: 0.001 | LR halves after 4 epochs without validation F1 improvement
Epoch 01 | Loss: 3.1144 | Validation loss: 2.0656 | LR: 0.001 | Validation accuracy: 51.6% | Macro F1: 0.467
Epoch 02 | Loss: 1.4916 | Validation loss: 0.8854 | LR: 0.001 | Validation accuracy: 82.6% | Macro F1: 0.825
Epoch 03 | Loss: 0.8715 | Validation loss: 0.5247 | LR: 0.001 | Validation accuracy: 89.7% | Macro F1: 0.897
Epoch 04 | Loss: 0.6588 | Validation loss: 0.3708 | LR: 0.001 | Validation accuracy: 93.2% | Macro F1: 0.932
Epoch 05 | Loss: 0.5670 | Validation loss: 0.3238 | LR: 0.001 | Validation accuracy: 93.9% | Macro F1: 0.938
Epoch 06 | Loss: 0.5215 | Validation loss: 0.2659 | LR: 0.001 | Validation accuracy: 94.7% | Macro F1: 0.946
Epoch 07 | Loss: 0.4906 | Validation loss: 0.2622 | LR: 0.001 | Validation accuracy: 95.0% | Macro F1: 0.950
Epoch 08 | Loss: 0.4698 | Validation loss: 0.2721 | LR: 0.001 | Validation accuracy: 94.3% | Macro F1: 0.942
Epoch 09 | Loss: 0.4591 | Validation loss: 0.2228 | LR: 0.001 | Validation accuracy: 96.2% | Macro F1: 0.961
Epoch 10 | Loss: 0.4448 | Validation loss: 0.2145 | LR: 0.001 | Validation accuracy: 96.7% | Macro F1: 0.966
Epoch 11 | Loss: 0.4373 | Validation loss: 0.2128 | LR: 0.001 | Validation accuracy: 96.6% | Macro F1: 0.965
Epoch 12 | Loss: 0.4308 | Validation loss: 0.1845 | LR: 0.001 | Validation accuracy: 97.8% | Macro F1: 0.977
Epoch 13 | Loss: 0.4257 | Validation loss: 0.1997 | LR: 0.001 | Validation accuracy: 97.0% | Macro F1: 0.970
Epoch 14 | Loss: 0.4192 | Validation loss: 0.1864 | LR: 0.001 | Validation accuracy: 97.6% | Macro F1: 0.975
Epoch 15 | Loss: 0.4148 | Validation loss: 0.1778 | LR: 0.001 | Validation accuracy: 98.1% | Macro F1: 0.981
Epoch 16 | Loss: 0.4111 | Validation loss: 0.1985 | LR: 0.001 | Validation accuracy: 97.4% | Macro F1: 0.974
Epoch 17 | Loss: 0.4079 | Validation loss: 0.2021 | LR: 0.001 | Validation accuracy: 97.4% | Macro F1: 0.973
Epoch 18 | Loss: 0.4048 | Validation loss: 0.1799 | LR: 0.001 | Validation accuracy: 97.8% | Macro F1: 0.977
Epoch 19 | Loss: 0.4024 | Validation loss: 0.1796 | LR: 0.001 | Validation accuracy: 98.1% | Macro F1: 0.981
Epoch 20 | Loss: 0.3989 | Validation loss: 0.1770 | LR: 0.001 | Validation accuracy: 97.9% | Macro F1: 0.979
Epoch 21 | Loss: 0.3967 | Validation loss: 0.1590 | LR: 0.001 | Validation accuracy: 98.3% | Macro F1: 0.983
Epoch 22 | Loss: 0.3925 | Validation loss: 0.1583 | LR: 0.001 | Validation accuracy: 98.2% | Macro F1: 0.982
Epoch 23 | Loss: 0.3907 | Validation loss: 0.1788 | LR: 0.001 | Validation accuracy: 98.4% | Macro F1: 0.983
Epoch 24 | Loss: 0.3892 | Validation loss: 0.1530 | LR: 0.001 | Validation accuracy: 98.2% | Macro F1: 0.981
Epoch 25 | Loss: 0.3870 | Validation loss: 0.1504 | LR: 0.001 | Validation accuracy: 98.6% | Macro F1: 0.986
Epoch 26 | Loss: 0.3844 | Validation loss: 0.1710 | LR: 0.001 | Validation accuracy: 98.3% | Macro F1: 0.982
Epoch 27 | Loss: 0.3833 | Validation loss: 0.1534 | LR: 0.001 | Validation accuracy: 98.4% | Macro F1: 0.984
Epoch 28 | Loss: 0.3818 | Validation loss: 0.1628 | LR: 0.001 | Validation accuracy: 98.6% | Macro F1: 0.985
Learning rate reduced: 0.001 -> 0.0005
Epoch 29 | Loss: 0.3887 | Validation loss: 0.1797 | LR: 0.001 | Validation accuracy: 97.7% | Macro F1: 0.976
Epoch 30 | Loss: 0.3801 | Validation loss: 0.1430 | LR: 0.0005 | Validation accuracy: 98.7% | Macro F1: 0.987
Epoch 31 | Loss: 0.3778 | Validation loss: 0.1473 | LR: 0.0005 | Validation accuracy: 98.8% | Macro F1: 0.988
Epoch 32 | Loss: 0.3768 | Validation loss: 0.1485 | LR: 0.0005 | Validation accuracy: 98.7% | Macro F1: 0.987
Epoch 33 | Loss: 0.3763 | Validation loss: 0.1460 | LR: 0.0005 | Validation accuracy: 98.7% | Macro F1: 0.987
Epoch 34 | Loss: 0.3758 | Validation loss: 0.1422 | LR: 0.0005 | Validation accuracy: 99.0% | Macro F1: 0.990
Epoch 35 | Loss: 0.3754 | Validation loss: 0.1495 | LR: 0.0005 | Validation accuracy: 98.9% | Macro F1: 0.988
Epoch 36 | Loss: 0.3749 | Validation loss: 0.1443 | LR: 0.0005 | Validation accuracy: 98.7% | Macro F1: 0.987
Epoch 37 | Loss: 0.3747 | Validation loss: 0.1631 | LR: 0.0005 | Validation accuracy: 98.7% | Macro F1: 0.987
Learning rate reduced: 0.0005 -> 0.00025
Epoch 38 | Loss: 0.3746 | Validation loss: 0.1496 | LR: 0.0005 | Validation accuracy: 98.9% | Macro F1: 0.988
Epoch 39 | Loss: 0.3736 | Validation loss: 0.1405 | LR: 0.00025 | Validation accuracy: 99.1% | Macro F1: 0.991
Epoch 40 | Loss: 0.3734 | Validation loss: 0.1489 | LR: 0.00025 | Validation accuracy: 98.8% | Macro F1: 0.987
Epoch 41 | Loss: 0.3731 | Validation loss: 0.1485 | LR: 0.00025 | Validation accuracy: 98.9% | Macro F1: 0.988
Epoch 42 | Loss: 0.3729 | Validation loss: 0.1469 | LR: 0.00025 | Validation accuracy: 98.9% | Macro F1: 0.988
Learning rate reduced: 0.00025 -> 0.000125
Epoch 43 | Loss: 0.3729 | Validation loss: 0.1508 | LR: 0.00025 | Validation accuracy: 98.6% | Macro F1: 0.985
Epoch 44 | Loss: 0.3724 | Validation loss: 0.1517 | LR: 0.000125 | Validation accuracy: 98.8% | Macro F1: 0.987
Epoch 45 | Loss: 0.3724 | Validation loss: 0.1498 | LR: 0.000125 | Validation accuracy: 98.9% | Macro F1: 0.989
Epoch 46 | Loss: 0.3722 | Validation loss: 0.1497 | LR: 0.000125 | Validation accuracy: 98.8% | Macro F1: 0.987
Learning rate reduced: 0.000125 -> 6.25e-05
Epoch 47 | Loss: 0.3722 | Validation loss: 0.1470 | LR: 0.000125 | Validation accuracy: 99.1% | Macro F1: 0.991
Epoch 48 | Loss: 0.3719 | Validation loss: 0.1496 | LR: 6.25e-05 | Validation accuracy: 99.0% | Macro F1: 0.990
Epoch 49 | Loss: 0.3720 | Validation loss: 0.1499 | LR: 6.25e-05 | Validation accuracy: 99.0% | Macro F1: 0.989
Early stopping. Best epoch: 39
Trial 2 finished | Validation accuracy: 99.1% | Macro F1: 0.9909 | Best trial: 2
Tuning optionb: trial 3/16 | {'hidden_size': 64, 'dropout': 0.25, 'lr': 0.0005, 'weight_decay': 0.0001}
Selected dataset: optionb
Dataset folder: <MEX2>/optionb
Device: cuda
Classes: 33 | Wake: HELLO_KIBO | Exit: SAGITTARIUS | Excluded: ['HELLO_BUDDY', 'KNOCK_KNOCK', 'OKAY_THANK_YOU']
train speakers: ['s0', 's1', 's10', 's101', 's102', 's103', 's104', 's105', 's106', 's107', 's108', 's109', 's11', 's110', 's111', 's112', 's113', 's114', 's115', 's116', 's117', 's118', 's119', 's12', 's120', 's121', 's122', 's123', 's124', 's125', 's126', 's127', 's128', 's129', 's13', 's130', 's131', 's132', 's133', 's134', 's135', 's136', 's137', 's138', 's139', 's14', 's140', 's15', 's16', 's17', 's18', 's19', 's2', 's20', 's21', 's22', 's23', 's24', 's25', 's26', 's27', 's28', 's29', 's3', 's30', 's31', 's32', 's33', 's34', 's35', 's36', 's37', 's38', 's39', 's4', 's40', 's41', 's42', 's43', 's44', 's45', 's46', 's47', 's48', 's49', 's5', 's50', 's51', 's52', 's53', 's54', 's55', 's56', 's57', 's58', 's59', 's6', 's60', 's61', 's62', 's63', 's64', 's65', 's66', 's67', 's68', 's69', 's7', 's70', 's71', 's72', 's73', 's74', 's75', 's76', 's77', 's78', 's79', 's8', 's80', 's9', 'sx']
val speakers: ['s141', 's142', 's143', 's144', 's145', 's81', 's82', 's83', 's84', 's85', 's86', 's87', 's88', 's89', 's90']
test speakers: ['s100', 's146', 's147', 's148', 's149', 's150', 's91', 's92', 's93', 's94', 's95', 's96', 's97', 's98', 's99']
Train/Val/Test: 16296/1919/1896 recordings
Architecture: crnn | GRU hidden size: 64
Dropout: 0.25 | Initial LR: 0.0005 | Weight decay: 0.0001 | LR halves after 4 epochs without validation F1 improvement
Epoch 01 | Loss: 2.9775 | Validation loss: 2.0201 | LR: 0.0005 | Validation accuracy: 54.7% | Macro F1: 0.492
Epoch 02 | Loss: 1.5543 | Validation loss: 0.9930 | LR: 0.0005 | Validation accuracy: 79.9% | Macro F1: 0.800
Epoch 03 | Loss: 0.9504 | Validation loss: 0.5973 | LR: 0.0005 | Validation accuracy: 89.4% | Macro F1: 0.894
Epoch 04 | Loss: 0.7088 | Validation loss: 0.4241 | LR: 0.0005 | Validation accuracy: 93.3% | Macro F1: 0.932
Epoch 05 | Loss: 0.5924 | Validation loss: 0.3481 | LR: 0.0005 | Validation accuracy: 93.9% | Macro F1: 0.938
Epoch 06 | Loss: 0.5277 | Validation loss: 0.2885 | LR: 0.0005 | Validation accuracy: 94.7% | Macro F1: 0.944
Epoch 07 | Loss: 0.4898 | Validation loss: 0.2512 | LR: 0.0005 | Validation accuracy: 95.9% | Macro F1: 0.959
Epoch 08 | Loss: 0.4669 | Validation loss: 0.2425 | LR: 0.0005 | Validation accuracy: 95.6% | Macro F1: 0.955
Epoch 09 | Loss: 0.4527 | Validation loss: 0.2391 | LR: 0.0005 | Validation accuracy: 96.3% | Macro F1: 0.962
Epoch 10 | Loss: 0.4418 | Validation loss: 0.2450 | LR: 0.0005 | Validation accuracy: 96.5% | Macro F1: 0.964
Epoch 11 | Loss: 0.4333 | Validation loss: 0.2189 | LR: 0.0005 | Validation accuracy: 96.6% | Macro F1: 0.964
Epoch 12 | Loss: 0.4284 | Validation loss: 0.2044 | LR: 0.0005 | Validation accuracy: 97.2% | Macro F1: 0.972
Epoch 13 | Loss: 0.4239 | Validation loss: 0.2221 | LR: 0.0005 | Validation accuracy: 96.4% | Macro F1: 0.962
Epoch 14 | Loss: 0.4173 | Validation loss: 0.1971 | LR: 0.0005 | Validation accuracy: 97.6% | Macro F1: 0.975
Epoch 15 | Loss: 0.4134 | Validation loss: 0.1909 | LR: 0.0005 | Validation accuracy: 97.7% | Macro F1: 0.976
Epoch 16 | Loss: 0.4107 | Validation loss: 0.2132 | LR: 0.0005 | Validation accuracy: 97.1% | Macro F1: 0.971
Epoch 17 | Loss: 0.4081 | Validation loss: 0.1932 | LR: 0.0005 | Validation accuracy: 97.6% | Macro F1: 0.976
Epoch 18 | Loss: 0.4039 | Validation loss: 0.1989 | LR: 0.0005 | Validation accuracy: 98.0% | Macro F1: 0.979
Epoch 19 | Loss: 0.4021 | Validation loss: 0.1925 | LR: 0.0005 | Validation accuracy: 98.0% | Macro F1: 0.979
Epoch 20 | Loss: 0.3991 | Validation loss: 0.1901 | LR: 0.0005 | Validation accuracy: 98.2% | Macro F1: 0.981
Epoch 21 | Loss: 0.3971 | Validation loss: 0.1789 | LR: 0.0005 | Validation accuracy: 98.3% | Macro F1: 0.982
Epoch 22 | Loss: 0.3988 | Validation loss: 0.1708 | LR: 0.0005 | Validation accuracy: 98.6% | Macro F1: 0.986
Epoch 23 | Loss: 0.3929 | Validation loss: 0.1759 | LR: 0.0005 | Validation accuracy: 98.5% | Macro F1: 0.985
Epoch 24 | Loss: 0.3921 | Validation loss: 0.1864 | LR: 0.0005 | Validation accuracy: 98.2% | Macro F1: 0.981
Epoch 25 | Loss: 0.3903 | Validation loss: 0.1763 | LR: 0.0005 | Validation accuracy: 98.4% | Macro F1: 0.983
Learning rate reduced: 0.0005 -> 0.00025
Epoch 26 | Loss: 0.3891 | Validation loss: 0.1853 | LR: 0.0005 | Validation accuracy: 98.3% | Macro F1: 0.983
Epoch 27 | Loss: 0.3858 | Validation loss: 0.1788 | LR: 0.00025 | Validation accuracy: 98.6% | Macro F1: 0.986
Epoch 28 | Loss: 0.3846 | Validation loss: 0.1765 | LR: 0.00025 | Validation accuracy: 98.7% | Macro F1: 0.986
Epoch 29 | Loss: 0.3839 | Validation loss: 0.1757 | LR: 0.00025 | Validation accuracy: 98.7% | Macro F1: 0.987
Epoch 30 | Loss: 0.3829 | Validation loss: 0.1763 | LR: 0.00025 | Validation accuracy: 98.4% | Macro F1: 0.983
Epoch 31 | Loss: 0.3823 | Validation loss: 0.1875 | LR: 0.00025 | Validation accuracy: 98.4% | Macro F1: 0.983
Epoch 32 | Loss: 0.3821 | Validation loss: 0.1760 | LR: 0.00025 | Validation accuracy: 98.6% | Macro F1: 0.985
Learning rate reduced: 0.00025 -> 0.000125
Epoch 33 | Loss: 0.3816 | Validation loss: 0.1692 | LR: 0.00025 | Validation accuracy: 98.6% | Macro F1: 0.986
Epoch 34 | Loss: 0.3803 | Validation loss: 0.1690 | LR: 0.000125 | Validation accuracy: 98.9% | Macro F1: 0.988
Epoch 35 | Loss: 0.3796 | Validation loss: 0.1797 | LR: 0.000125 | Validation accuracy: 98.3% | Macro F1: 0.982
Epoch 36 | Loss: 0.3797 | Validation loss: 0.1709 | LR: 0.000125 | Validation accuracy: 98.5% | Macro F1: 0.984
Epoch 37 | Loss: 0.3794 | Validation loss: 0.1761 | LR: 0.000125 | Validation accuracy: 98.7% | Macro F1: 0.987
Learning rate reduced: 0.000125 -> 6.25e-05
Epoch 38 | Loss: 0.3790 | Validation loss: 0.1737 | LR: 0.000125 | Validation accuracy: 98.6% | Macro F1: 0.986
Epoch 39 | Loss: 0.3786 | Validation loss: 0.1737 | LR: 6.25e-05 | Validation accuracy: 98.9% | Macro F1: 0.988
Epoch 40 | Loss: 0.3781 | Validation loss: 0.1747 | LR: 6.25e-05 | Validation accuracy: 98.8% | Macro F1: 0.987
Epoch 41 | Loss: 0.3781 | Validation loss: 0.1787 | LR: 6.25e-05 | Validation accuracy: 98.5% | Macro F1: 0.984
Epoch 42 | Loss: 0.3779 | Validation loss: 0.1745 | LR: 6.25e-05 | Validation accuracy: 98.8% | Macro F1: 0.987
Learning rate reduced: 6.25e-05 -> 3.125e-05
Epoch 43 | Loss: 0.3780 | Validation loss: 0.1770 | LR: 6.25e-05 | Validation accuracy: 98.6% | Macro F1: 0.985
Epoch 44 | Loss: 0.3774 | Validation loss: 0.1778 | LR: 3.125e-05 | Validation accuracy: 98.7% | Macro F1: 0.986
Epoch 45 | Loss: 0.3777 | Validation loss: 0.1755 | LR: 3.125e-05 | Validation accuracy: 98.7% | Macro F1: 0.986
Epoch 46 | Loss: 0.3772 | Validation loss: 0.1765 | LR: 3.125e-05 | Validation accuracy: 98.7% | Macro F1: 0.987
Learning rate reduced: 3.125e-05 -> 1.5625e-05
Epoch 47 | Loss: 0.3772 | Validation loss: 0.1765 | LR: 3.125e-05 | Validation accuracy: 98.9% | Macro F1: 0.988
Epoch 48 | Loss: 0.3771 | Validation loss: 0.1743 | LR: 1.5625e-05 | Validation accuracy: 98.7% | Macro F1: 0.986
Epoch 49 | Loss: 0.3771 | Validation loss: 0.1767 | LR: 1.5625e-05 | Validation accuracy: 98.8% | Macro F1: 0.987
Early stopping. Best epoch: 39
Trial 3 finished | Validation accuracy: 98.9% | Macro F1: 0.9884 | Best trial: 2
Tuning optionb: trial 4/16 | {'hidden_size': 64, 'dropout': 0.25, 'lr': 0.0005, 'weight_decay': 0.001}
Selected dataset: optionb
Dataset folder: <MEX2>/optionb
Device: cuda
Classes: 33 | Wake: HELLO_KIBO | Exit: SAGITTARIUS | Excluded: ['HELLO_BUDDY', 'KNOCK_KNOCK', 'OKAY_THANK_YOU']
train speakers: ['s0', 's1', 's10', 's101', 's102', 's103', 's104', 's105', 's106', 's107', 's108', 's109', 's11', 's110', 's111', 's112', 's113', 's114', 's115', 's116', 's117', 's118', 's119', 's12', 's120', 's121', 's122', 's123', 's124', 's125', 's126', 's127', 's128', 's129', 's13', 's130', 's131', 's132', 's133', 's134', 's135', 's136', 's137', 's138', 's139', 's14', 's140', 's15', 's16', 's17', 's18', 's19', 's2', 's20', 's21', 's22', 's23', 's24', 's25', 's26', 's27', 's28', 's29', 's3', 's30', 's31', 's32', 's33', 's34', 's35', 's36', 's37', 's38', 's39', 's4', 's40', 's41', 's42', 's43', 's44', 's45', 's46', 's47', 's48', 's49', 's5', 's50', 's51', 's52', 's53', 's54', 's55', 's56', 's57', 's58', 's59', 's6', 's60', 's61', 's62', 's63', 's64', 's65', 's66', 's67', 's68', 's69', 's7', 's70', 's71', 's72', 's73', 's74', 's75', 's76', 's77', 's78', 's79', 's8', 's80', 's9', 'sx']
val speakers: ['s141', 's142', 's143', 's144', 's145', 's81', 's82', 's83', 's84', 's85', 's86', 's87', 's88', 's89', 's90']
test speakers: ['s100', 's146', 's147', 's148', 's149', 's150', 's91', 's92', 's93', 's94', 's95', 's96', 's97', 's98', 's99']
Train/Val/Test: 16296/1919/1896 recordings
Architecture: crnn | GRU hidden size: 64
Dropout: 0.25 | Initial LR: 0.0005 | Weight decay: 0.001 | LR halves after 4 epochs without validation F1 improvement
Epoch 01 | Loss: 2.9707 | Validation loss: 2.0082 | LR: 0.0005 | Validation accuracy: 55.4% | Macro F1: 0.500
Epoch 02 | Loss: 1.5335 | Validation loss: 0.9794 | LR: 0.0005 | Validation accuracy: 78.9% | Macro F1: 0.788
Epoch 03 | Loss: 0.9412 | Validation loss: 0.6219 | LR: 0.0005 | Validation accuracy: 89.9% | Macro F1: 0.898
Epoch 04 | Loss: 0.7017 | Validation loss: 0.4413 | LR: 0.0005 | Validation accuracy: 92.9% | Macro F1: 0.928
Epoch 05 | Loss: 0.5892 | Validation loss: 0.3701 | LR: 0.0005 | Validation accuracy: 93.9% | Macro F1: 0.938
Epoch 06 | Loss: 0.5250 | Validation loss: 0.3113 | LR: 0.0005 | Validation accuracy: 94.1% | Macro F1: 0.940
Epoch 07 | Loss: 0.4898 | Validation loss: 0.2759 | LR: 0.0005 | Validation accuracy: 95.3% | Macro F1: 0.954
Epoch 08 | Loss: 0.4701 | Validation loss: 0.2421 | LR: 0.0005 | Validation accuracy: 96.2% | Macro F1: 0.961
Epoch 09 | Loss: 0.4534 | Validation loss: 0.2564 | LR: 0.0005 | Validation accuracy: 96.0% | Macro F1: 0.959
Epoch 10 | Loss: 0.4431 | Validation loss: 0.2512 | LR: 0.0005 | Validation accuracy: 96.4% | Macro F1: 0.963
Epoch 11 | Loss: 0.4358 | Validation loss: 0.2504 | LR: 0.0005 | Validation accuracy: 95.8% | Macro F1: 0.958
Epoch 12 | Loss: 0.4297 | Validation loss: 0.2428 | LR: 0.0005 | Validation accuracy: 96.0% | Macro F1: 0.960
Epoch 13 | Loss: 0.4240 | Validation loss: 0.2551 | LR: 0.0005 | Validation accuracy: 96.0% | Macro F1: 0.959
Epoch 14 | Loss: 0.4181 | Validation loss: 0.2225 | LR: 0.0005 | Validation accuracy: 97.6% | Macro F1: 0.975
Epoch 15 | Loss: 0.4136 | Validation loss: 0.2238 | LR: 0.0005 | Validation accuracy: 97.4% | Macro F1: 0.972
Epoch 16 | Loss: 0.4105 | Validation loss: 0.2418 | LR: 0.0005 | Validation accuracy: 97.0% | Macro F1: 0.968
Epoch 17 | Loss: 0.4109 | Validation loss: 0.2202 | LR: 0.0005 | Validation accuracy: 97.4% | Macro F1: 0.972
Epoch 18 | Loss: 0.4056 | Validation loss: 0.2229 | LR: 0.0005 | Validation accuracy: 97.9% | Macro F1: 0.978
Epoch 19 | Loss: 0.4022 | Validation loss: 0.2227 | LR: 0.0005 | Validation accuracy: 97.6% | Macro F1: 0.975
Epoch 20 | Loss: 0.4000 | Validation loss: 0.2101 | LR: 0.0005 | Validation accuracy: 97.8% | Macro F1: 0.976
Epoch 21 | Loss: 0.3983 | Validation loss: 0.2264 | LR: 0.0005 | Validation accuracy: 97.7% | Macro F1: 0.975
Learning rate reduced: 0.0005 -> 0.00025
Epoch 22 | Loss: 0.3966 | Validation loss: 0.2129 | LR: 0.0005 | Validation accuracy: 97.7% | Macro F1: 0.975
Epoch 23 | Loss: 0.3922 | Validation loss: 0.2097 | LR: 0.00025 | Validation accuracy: 98.2% | Macro F1: 0.981
Epoch 24 | Loss: 0.3909 | Validation loss: 0.2138 | LR: 0.00025 | Validation accuracy: 97.7% | Macro F1: 0.976
Epoch 25 | Loss: 0.3897 | Validation loss: 0.2058 | LR: 0.00025 | Validation accuracy: 98.2% | Macro F1: 0.981
Epoch 26 | Loss: 0.3887 | Validation loss: 0.2231 | LR: 0.00025 | Validation accuracy: 97.9% | Macro F1: 0.978
Epoch 27 | Loss: 0.3879 | Validation loss: 0.2145 | LR: 0.00025 | Validation accuracy: 98.0% | Macro F1: 0.979
Epoch 28 | Loss: 0.3877 | Validation loss: 0.2185 | LR: 0.00025 | Validation accuracy: 97.5% | Macro F1: 0.975
Learning rate reduced: 0.00025 -> 0.000125
Epoch 29 | Loss: 0.3867 | Validation loss: 0.2210 | LR: 0.00025 | Validation accuracy: 97.7% | Macro F1: 0.976
Epoch 30 | Loss: 0.3848 | Validation loss: 0.2110 | LR: 0.000125 | Validation accuracy: 98.1% | Macro F1: 0.980
Epoch 31 | Loss: 0.3841 | Validation loss: 0.2160 | LR: 0.000125 | Validation accuracy: 98.1% | Macro F1: 0.980
Epoch 32 | Loss: 0.3836 | Validation loss: 0.2161 | LR: 0.000125 | Validation accuracy: 98.0% | Macro F1: 0.980
Learning rate reduced: 0.000125 -> 6.25e-05
Epoch 33 | Loss: 0.3833 | Validation loss: 0.2153 | LR: 0.000125 | Validation accuracy: 98.1% | Macro F1: 0.980
Epoch 34 | Loss: 0.3823 | Validation loss: 0.2150 | LR: 6.25e-05 | Validation accuracy: 98.1% | Macro F1: 0.980
Epoch 35 | Loss: 0.3823 | Validation loss: 0.2130 | LR: 6.25e-05 | Validation accuracy: 97.9% | Macro F1: 0.978
Early stopping. Best epoch: 25
Trial 4 finished | Validation accuracy: 98.2% | Macro F1: 0.9813 | Best trial: 2
Tuning optionb: trial 5/16 | {'hidden_size': 64, 'dropout': 0.35, 'lr': 0.001, 'weight_decay': 0.0001}
Selected dataset: optionb
Dataset folder: <MEX2>/optionb
Device: cuda
Classes: 33 | Wake: HELLO_KIBO | Exit: SAGITTARIUS | Excluded: ['HELLO_BUDDY', 'KNOCK_KNOCK', 'OKAY_THANK_YOU']
train speakers: ['s0', 's1', 's10', 's101', 's102', 's103', 's104', 's105', 's106', 's107', 's108', 's109', 's11', 's110', 's111', 's112', 's113', 's114', 's115', 's116', 's117', 's118', 's119', 's12', 's120', 's121', 's122', 's123', 's124', 's125', 's126', 's127', 's128', 's129', 's13', 's130', 's131', 's132', 's133', 's134', 's135', 's136', 's137', 's138', 's139', 's14', 's140', 's15', 's16', 's17', 's18', 's19', 's2', 's20', 's21', 's22', 's23', 's24', 's25', 's26', 's27', 's28', 's29', 's3', 's30', 's31', 's32', 's33', 's34', 's35', 's36', 's37', 's38', 's39', 's4', 's40', 's41', 's42', 's43', 's44', 's45', 's46', 's47', 's48', 's49', 's5', 's50', 's51', 's52', 's53', 's54', 's55', 's56', 's57', 's58', 's59', 's6', 's60', 's61', 's62', 's63', 's64', 's65', 's66', 's67', 's68', 's69', 's7', 's70', 's71', 's72', 's73', 's74', 's75', 's76', 's77', 's78', 's79', 's8', 's80', 's9', 'sx']
val speakers: ['s141', 's142', 's143', 's144', 's145', 's81', 's82', 's83', 's84', 's85', 's86', 's87', 's88', 's89', 's90']
test speakers: ['s100', 's146', 's147', 's148', 's149', 's150', 's91', 's92', 's93', 's94', 's95', 's96', 's97', 's98', 's99']
Train/Val/Test: 16296/1919/1896 recordings
Architecture: crnn | GRU hidden size: 64
Dropout: 0.35 | Initial LR: 0.001 | Weight decay: 0.0001 | LR halves after 4 epochs without validation F1 improvement
Epoch 01 | Loss: 3.0348 | Validation loss: 2.0498 | LR: 0.001 | Validation accuracy: 52.2% | Macro F1: 0.459
Epoch 02 | Loss: 1.5999 | Validation loss: 0.9187 | LR: 0.001 | Validation accuracy: 82.2% | Macro F1: 0.816
Epoch 03 | Loss: 0.9556 | Validation loss: 0.5214 | LR: 0.001 | Validation accuracy: 91.7% | Macro F1: 0.916
Epoch 04 | Loss: 0.7202 | Validation loss: 0.3736 | LR: 0.001 | Validation accuracy: 93.0% | Macro F1: 0.930
Epoch 05 | Loss: 0.6114 | Validation loss: 0.3081 | LR: 0.001 | Validation accuracy: 94.6% | Macro F1: 0.945
Epoch 06 | Loss: 0.5635 | Validation loss: 0.2562 | LR: 0.001 | Validation accuracy: 95.6% | Macro F1: 0.954
Epoch 07 | Loss: 0.5251 | Validation loss: 0.2131 | LR: 0.001 | Validation accuracy: 96.6% | Macro F1: 0.963
Epoch 08 | Loss: 0.4999 | Validation loss: 0.2016 | LR: 0.001 | Validation accuracy: 96.6% | Macro F1: 0.966
Epoch 09 | Loss: 0.4851 | Validation loss: 0.2192 | LR: 0.001 | Validation accuracy: 96.4% | Macro F1: 0.963
Epoch 10 | Loss: 0.4709 | Validation loss: 0.1942 | LR: 0.001 | Validation accuracy: 97.2% | Macro F1: 0.971
Epoch 11 | Loss: 0.4615 | Validation loss: 0.1968 | LR: 0.001 | Validation accuracy: 97.3% | Macro F1: 0.973
Epoch 12 | Loss: 0.4530 | Validation loss: 0.1935 | LR: 0.001 | Validation accuracy: 97.4% | Macro F1: 0.973
Epoch 13 | Loss: 0.4449 | Validation loss: 0.1700 | LR: 0.001 | Validation accuracy: 97.9% | Macro F1: 0.979
Epoch 14 | Loss: 0.4371 | Validation loss: 0.1708 | LR: 0.001 | Validation accuracy: 98.2% | Macro F1: 0.981
Epoch 15 | Loss: 0.4346 | Validation loss: 0.1864 | LR: 0.001 | Validation accuracy: 97.4% | Macro F1: 0.975
Epoch 16 | Loss: 0.4274 | Validation loss: 0.1722 | LR: 0.001 | Validation accuracy: 98.0% | Macro F1: 0.980
Epoch 17 | Loss: 0.4219 | Validation loss: 0.1699 | LR: 0.001 | Validation accuracy: 98.2% | Macro F1: 0.981
Learning rate reduced: 0.001 -> 0.0005
Epoch 18 | Loss: 0.4190 | Validation loss: 0.1753 | LR: 0.001 | Validation accuracy: 97.6% | Macro F1: 0.976
Epoch 19 | Loss: 0.4120 | Validation loss: 0.1591 | LR: 0.0005 | Validation accuracy: 98.4% | Macro F1: 0.984
Epoch 20 | Loss: 0.4089 | Validation loss: 0.1561 | LR: 0.0005 | Validation accuracy: 98.7% | Macro F1: 0.987
Epoch 21 | Loss: 0.4065 | Validation loss: 0.1578 | LR: 0.0005 | Validation accuracy: 98.5% | Macro F1: 0.985
Epoch 22 | Loss: 0.4043 | Validation loss: 0.1564 | LR: 0.0005 | Validation accuracy: 98.5% | Macro F1: 0.985
Epoch 23 | Loss: 0.4024 | Validation loss: 0.1572 | LR: 0.0005 | Validation accuracy: 98.9% | Macro F1: 0.989
Epoch 24 | Loss: 0.4006 | Validation loss: 0.1632 | LR: 0.0005 | Validation accuracy: 98.8% | Macro F1: 0.988
Epoch 25 | Loss: 0.3996 | Validation loss: 0.1458 | LR: 0.0005 | Validation accuracy: 98.9% | Macro F1: 0.989
Epoch 26 | Loss: 0.3973 | Validation loss: 0.1555 | LR: 0.0005 | Validation accuracy: 99.2% | Macro F1: 0.992
Epoch 27 | Loss: 0.3953 | Validation loss: 0.1498 | LR: 0.0005 | Validation accuracy: 99.0% | Macro F1: 0.990
Epoch 28 | Loss: 0.3940 | Validation loss: 0.1465 | LR: 0.0005 | Validation accuracy: 99.0% | Macro F1: 0.990
Epoch 29 | Loss: 0.3924 | Validation loss: 0.1649 | LR: 0.0005 | Validation accuracy: 98.7% | Macro F1: 0.988
Learning rate reduced: 0.0005 -> 0.00025
Epoch 30 | Loss: 0.3910 | Validation loss: 0.1478 | LR: 0.0005 | Validation accuracy: 98.9% | Macro F1: 0.988
Epoch 31 | Loss: 0.3883 | Validation loss: 0.1536 | LR: 0.00025 | Validation accuracy: 99.2% | Macro F1: 0.992
Epoch 32 | Loss: 0.3873 | Validation loss: 0.1531 | LR: 0.00025 | Validation accuracy: 99.0% | Macro F1: 0.990
Epoch 33 | Loss: 0.3866 | Validation loss: 0.1549 | LR: 0.00025 | Validation accuracy: 99.2% | Macro F1: 0.992
Learning rate reduced: 0.00025 -> 0.000125
Epoch 34 | Loss: 0.3860 | Validation loss: 0.1467 | LR: 0.00025 | Validation accuracy: 99.2% | Macro F1: 0.992
Epoch 35 | Loss: 0.3847 | Validation loss: 0.1478 | LR: 0.000125 | Validation accuracy: 99.0% | Macro F1: 0.990
Epoch 36 | Loss: 0.3845 | Validation loss: 0.1484 | LR: 0.000125 | Validation accuracy: 99.2% | Macro F1: 0.992
Early stopping. Best epoch: 26
Trial 5 finished | Validation accuracy: 99.2% | Macro F1: 0.9922 | Best trial: 5
Tuning optionb: trial 6/16 | {'hidden_size': 64, 'dropout': 0.35, 'lr': 0.001, 'weight_decay': 0.001}
Selected dataset: optionb
Dataset folder: <MEX2>/optionb
Device: cuda
Classes: 33 | Wake: HELLO_KIBO | Exit: SAGITTARIUS | Excluded: ['HELLO_BUDDY', 'KNOCK_KNOCK', 'OKAY_THANK_YOU']
train speakers: ['s0', 's1', 's10', 's101', 's102', 's103', 's104', 's105', 's106', 's107', 's108', 's109', 's11', 's110', 's111', 's112', 's113', 's114', 's115', 's116', 's117', 's118', 's119', 's12', 's120', 's121', 's122', 's123', 's124', 's125', 's126', 's127', 's128', 's129', 's13', 's130', 's131', 's132', 's133', 's134', 's135', 's136', 's137', 's138', 's139', 's14', 's140', 's15', 's16', 's17', 's18', 's19', 's2', 's20', 's21', 's22', 's23', 's24', 's25', 's26', 's27', 's28', 's29', 's3', 's30', 's31', 's32', 's33', 's34', 's35', 's36', 's37', 's38', 's39', 's4', 's40', 's41', 's42', 's43', 's44', 's45', 's46', 's47', 's48', 's49', 's5', 's50', 's51', 's52', 's53', 's54', 's55', 's56', 's57', 's58', 's59', 's6', 's60', 's61', 's62', 's63', 's64', 's65', 's66', 's67', 's68', 's69', 's7', 's70', 's71', 's72', 's73', 's74', 's75', 's76', 's77', 's78', 's79', 's8', 's80', 's9', 'sx']
val speakers: ['s141', 's142', 's143', 's144', 's145', 's81', 's82', 's83', 's84', 's85', 's86', 's87', 's88', 's89', 's90']
test speakers: ['s100', 's146', 's147', 's148', 's149', 's150', 's91', 's92', 's93', 's94', 's95', 's96', 's97', 's98', 's99']
Train/Val/Test: 16296/1919/1896 recordings
Architecture: crnn | GRU hidden size: 64
Dropout: 0.35 | Initial LR: 0.001 | Weight decay: 0.001 | LR halves after 4 epochs without validation F1 improvement
Epoch 01 | Loss: 3.0421 | Validation loss: 2.0486 | LR: 0.001 | Validation accuracy: 50.7% | Macro F1: 0.445
Epoch 02 | Loss: 1.5677 | Validation loss: 0.9161 | LR: 0.001 | Validation accuracy: 80.8% | Macro F1: 0.807
Epoch 03 | Loss: 0.9690 | Validation loss: 0.5844 | LR: 0.001 | Validation accuracy: 88.2% | Macro F1: 0.883
Epoch 04 | Loss: 0.7461 | Validation loss: 0.4152 | LR: 0.001 | Validation accuracy: 91.1% | Macro F1: 0.910
Epoch 05 | Loss: 0.6296 | Validation loss: 0.3726 | LR: 0.001 | Validation accuracy: 91.8% | Macro F1: 0.921
Epoch 06 | Loss: 0.5668 | Validation loss: 0.3210 | LR: 0.001 | Validation accuracy: 92.4% | Macro F1: 0.927
Epoch 07 | Loss: 0.5223 | Validation loss: 0.2975 | LR: 0.001 | Validation accuracy: 93.1% | Macro F1: 0.936
Epoch 08 | Loss: 0.4993 | Validation loss: 0.2219 | LR: 0.001 | Validation accuracy: 96.2% | Macro F1: 0.961
Epoch 09 | Loss: 0.4845 | Validation loss: 0.2304 | LR: 0.001 | Validation accuracy: 95.9% | Macro F1: 0.959
Epoch 10 | Loss: 0.4690 | Validation loss: 0.2028 | LR: 0.001 | Validation accuracy: 96.4% | Macro F1: 0.963
Epoch 11 | Loss: 0.4581 | Validation loss: 0.2154 | LR: 0.001 | Validation accuracy: 97.2% | Macro F1: 0.971
Epoch 12 | Loss: 0.4501 | Validation loss: 0.1891 | LR: 0.001 | Validation accuracy: 97.0% | Macro F1: 0.971
Epoch 13 | Loss: 0.4424 | Validation loss: 0.1840 | LR: 0.001 | Validation accuracy: 97.7% | Macro F1: 0.976
Epoch 14 | Loss: 0.4345 | Validation loss: 0.1710 | LR: 0.001 | Validation accuracy: 98.1% | Macro F1: 0.980
Epoch 15 | Loss: 0.4282 | Validation loss: 0.1883 | LR: 0.001 | Validation accuracy: 97.6% | Macro F1: 0.975
Epoch 16 | Loss: 0.4239 | Validation loss: 0.1830 | LR: 0.001 | Validation accuracy: 98.0% | Macro F1: 0.979
Epoch 17 | Loss: 0.4196 | Validation loss: 0.1594 | LR: 0.001 | Validation accuracy: 98.2% | Macro F1: 0.981
Epoch 18 | Loss: 0.4156 | Validation loss: 0.1966 | LR: 0.001 | Validation accuracy: 97.6% | Macro F1: 0.975
Epoch 19 | Loss: 0.4112 | Validation loss: 0.1763 | LR: 0.001 | Validation accuracy: 97.9% | Macro F1: 0.978
Epoch 20 | Loss: 0.4070 | Validation loss: 0.1576 | LR: 0.001 | Validation accuracy: 98.7% | Macro F1: 0.986
Epoch 21 | Loss: 0.4045 | Validation loss: 0.1799 | LR: 0.001 | Validation accuracy: 98.4% | Macro F1: 0.983
Epoch 22 | Loss: 0.4007 | Validation loss: 0.1553 | LR: 0.001 | Validation accuracy: 98.2% | Macro F1: 0.980
Epoch 23 | Loss: 0.3984 | Validation loss: 0.1663 | LR: 0.001 | Validation accuracy: 98.6% | Macro F1: 0.985
Learning rate reduced: 0.001 -> 0.0005
Epoch 24 | Loss: 0.3956 | Validation loss: 0.1627 | LR: 0.001 | Validation accuracy: 98.5% | Macro F1: 0.984
Epoch 25 | Loss: 0.3914 | Validation loss: 0.1603 | LR: 0.0005 | Validation accuracy: 98.6% | Macro F1: 0.985
Epoch 26 | Loss: 0.3897 | Validation loss: 0.1488 | LR: 0.0005 | Validation accuracy: 99.1% | Macro F1: 0.990
Epoch 27 | Loss: 0.3882 | Validation loss: 0.1484 | LR: 0.0005 | Validation accuracy: 98.8% | Macro F1: 0.987
Epoch 28 | Loss: 0.3877 | Validation loss: 0.1486 | LR: 0.0005 | Validation accuracy: 98.7% | Macro F1: 0.987
Epoch 29 | Loss: 0.3863 | Validation loss: 0.1552 | LR: 0.0005 | Validation accuracy: 98.6% | Macro F1: 0.986
Learning rate reduced: 0.0005 -> 0.00025
Epoch 30 | Loss: 0.3853 | Validation loss: 0.1594 | LR: 0.0005 | Validation accuracy: 98.5% | Macro F1: 0.985
Epoch 31 | Loss: 0.3840 | Validation loss: 0.1484 | LR: 0.00025 | Validation accuracy: 98.6% | Macro F1: 0.985
Epoch 32 | Loss: 0.3832 | Validation loss: 0.1540 | LR: 0.00025 | Validation accuracy: 99.0% | Macro F1: 0.989
Epoch 33 | Loss: 0.3827 | Validation loss: 0.1484 | LR: 0.00025 | Validation accuracy: 98.9% | Macro F1: 0.988
Learning rate reduced: 0.00025 -> 0.000125
Epoch 34 | Loss: 0.3821 | Validation loss: 0.1546 | LR: 0.00025 | Validation accuracy: 98.9% | Macro F1: 0.987
Epoch 35 | Loss: 0.3817 | Validation loss: 0.1523 | LR: 0.000125 | Validation accuracy: 98.7% | Macro F1: 0.986
Epoch 36 | Loss: 0.3810 | Validation loss: 0.1477 | LR: 0.000125 | Validation accuracy: 99.0% | Macro F1: 0.989
Early stopping. Best epoch: 26
Trial 6 finished | Validation accuracy: 99.1% | Macro F1: 0.9895 | Best trial: 5
Tuning optionb: trial 7/16 | {'hidden_size': 64, 'dropout': 0.35, 'lr': 0.0005, 'weight_decay': 0.0001}
Selected dataset: optionb
Dataset folder: <MEX2>/optionb
Device: cuda
Classes: 33 | Wake: HELLO_KIBO | Exit: SAGITTARIUS | Excluded: ['HELLO_BUDDY', 'KNOCK_KNOCK', 'OKAY_THANK_YOU']
train speakers: ['s0', 's1', 's10', 's101', 's102', 's103', 's104', 's105', 's106', 's107', 's108', 's109', 's11', 's110', 's111', 's112', 's113', 's114', 's115', 's116', 's117', 's118', 's119', 's12', 's120', 's121', 's122', 's123', 's124', 's125', 's126', 's127', 's128', 's129', 's13', 's130', 's131', 's132', 's133', 's134', 's135', 's136', 's137', 's138', 's139', 's14', 's140', 's15', 's16', 's17', 's18', 's19', 's2', 's20', 's21', 's22', 's23', 's24', 's25', 's26', 's27', 's28', 's29', 's3', 's30', 's31', 's32', 's33', 's34', 's35', 's36', 's37', 's38', 's39', 's4', 's40', 's41', 's42', 's43', 's44', 's45', 's46', 's47', 's48', 's49', 's5', 's50', 's51', 's52', 's53', 's54', 's55', 's56', 's57', 's58', 's59', 's6', 's60', 's61', 's62', 's63', 's64', 's65', 's66', 's67', 's68', 's69', 's7', 's70', 's71', 's72', 's73', 's74', 's75', 's76', 's77', 's78', 's79', 's8', 's80', 's9', 'sx']
val speakers: ['s141', 's142', 's143', 's144', 's145', 's81', 's82', 's83', 's84', 's85', 's86', 's87', 's88', 's89', 's90']
test speakers: ['s100', 's146', 's147', 's148', 's149', 's150', 's91', 's92', 's93', 's94', 's95', 's96', 's97', 's98', 's99']
Train/Val/Test: 16296/1919/1896 recordings
Architecture: crnn | GRU hidden size: 64
Dropout: 0.35 | Initial LR: 0.0005 | Weight decay: 0.0001 | LR halves after 4 epochs without validation F1 improvement
Epoch 01 | Loss: 2.9453 | Validation loss: 1.9821 | LR: 0.0005 | Validation accuracy: 52.4% | Macro F1: 0.472
Epoch 02 | Loss: 1.5903 | Validation loss: 1.0487 | LR: 0.0005 | Validation accuracy: 77.0% | Macro F1: 0.759
Epoch 03 | Loss: 1.0103 | Validation loss: 0.6617 | LR: 0.0005 | Validation accuracy: 87.9% | Macro F1: 0.876
Epoch 04 | Loss: 0.7531 | Validation loss: 0.4881 | LR: 0.0005 | Validation accuracy: 91.2% | Macro F1: 0.913
Epoch 05 | Loss: 0.6214 | Validation loss: 0.3858 | LR: 0.0005 | Validation accuracy: 93.3% | Macro F1: 0.933
Epoch 06 | Loss: 0.5571 | Validation loss: 0.3486 | LR: 0.0005 | Validation accuracy: 92.4% | Macro F1: 0.927
Epoch 07 | Loss: 0.5144 | Validation loss: 0.2837 | LR: 0.0005 | Validation accuracy: 94.4% | Macro F1: 0.946
Epoch 08 | Loss: 0.4896 | Validation loss: 0.2731 | LR: 0.0005 | Validation accuracy: 94.6% | Macro F1: 0.947
Epoch 09 | Loss: 0.4725 | Validation loss: 0.2458 | LR: 0.0005 | Validation accuracy: 96.4% | Macro F1: 0.963
Epoch 10 | Loss: 0.4625 | Validation loss: 0.2792 | LR: 0.0005 | Validation accuracy: 95.0% | Macro F1: 0.952
Epoch 11 | Loss: 0.4514 | Validation loss: 0.2533 | LR: 0.0005 | Validation accuracy: 95.7% | Macro F1: 0.958
Epoch 12 | Loss: 0.4432 | Validation loss: 0.2333 | LR: 0.0005 | Validation accuracy: 95.9% | Macro F1: 0.959
Epoch 13 | Loss: 0.4352 | Validation loss: 0.2361 | LR: 0.0005 | Validation accuracy: 96.5% | Macro F1: 0.965
Epoch 14 | Loss: 0.4305 | Validation loss: 0.2274 | LR: 0.0005 | Validation accuracy: 96.8% | Macro F1: 0.967
Epoch 15 | Loss: 0.4255 | Validation loss: 0.1965 | LR: 0.0005 | Validation accuracy: 97.4% | Macro F1: 0.974
Epoch 16 | Loss: 0.4218 | Validation loss: 0.2282 | LR: 0.0005 | Validation accuracy: 96.7% | Macro F1: 0.967
Epoch 17 | Loss: 0.4189 | Validation loss: 0.2185 | LR: 0.0005 | Validation accuracy: 97.0% | Macro F1: 0.970
Epoch 18 | Loss: 0.4168 | Validation loss: 0.1943 | LR: 0.0005 | Validation accuracy: 97.8% | Macro F1: 0.977
Epoch 19 | Loss: 0.4125 | Validation loss: 0.2107 | LR: 0.0005 | Validation accuracy: 97.6% | Macro F1: 0.976
Epoch 20 | Loss: 0.4095 | Validation loss: 0.2083 | LR: 0.0005 | Validation accuracy: 97.1% | Macro F1: 0.971
Epoch 21 | Loss: 0.4077 | Validation loss: 0.1993 | LR: 0.0005 | Validation accuracy: 97.5% | Macro F1: 0.975
Epoch 22 | Loss: 0.4042 | Validation loss: 0.1847 | LR: 0.0005 | Validation accuracy: 97.9% | Macro F1: 0.978
Epoch 23 | Loss: 0.4018 | Validation loss: 0.1862 | LR: 0.0005 | Validation accuracy: 98.1% | Macro F1: 0.980
Epoch 24 | Loss: 0.4018 | Validation loss: 0.1791 | LR: 0.0005 | Validation accuracy: 98.4% | Macro F1: 0.983
Epoch 25 | Loss: 0.3989 | Validation loss: 0.1770 | LR: 0.0005 | Validation accuracy: 98.2% | Macro F1: 0.981
Epoch 26 | Loss: 0.3972 | Validation loss: 0.1970 | LR: 0.0005 | Validation accuracy: 98.3% | Macro F1: 0.982
Epoch 27 | Loss: 0.3950 | Validation loss: 0.1888 | LR: 0.0005 | Validation accuracy: 97.9% | Macro F1: 0.979
Epoch 28 | Loss: 0.3941 | Validation loss: 0.1707 | LR: 0.0005 | Validation accuracy: 98.6% | Macro F1: 0.985
Epoch 29 | Loss: 0.3929 | Validation loss: 0.1900 | LR: 0.0005 | Validation accuracy: 98.2% | Macro F1: 0.981
Epoch 30 | Loss: 0.3914 | Validation loss: 0.1706 | LR: 0.0005 | Validation accuracy: 98.7% | Macro F1: 0.987
Epoch 31 | Loss: 0.3900 | Validation loss: 0.1825 | LR: 0.0005 | Validation accuracy: 98.1% | Macro F1: 0.982
Epoch 32 | Loss: 0.3883 | Validation loss: 0.1684 | LR: 0.0005 | Validation accuracy: 98.8% | Macro F1: 0.987
Epoch 33 | Loss: 0.3878 | Validation loss: 0.1873 | LR: 0.0005 | Validation accuracy: 97.9% | Macro F1: 0.979
Epoch 34 | Loss: 0.3899 | Validation loss: 0.1560 | LR: 0.0005 | Validation accuracy: 98.5% | Macro F1: 0.984
Epoch 35 | Loss: 0.3856 | Validation loss: 0.1750 | LR: 0.0005 | Validation accuracy: 98.4% | Macro F1: 0.984
Epoch 36 | Loss: 0.3883 | Validation loss: 0.1572 | LR: 0.0005 | Validation accuracy: 98.7% | Macro F1: 0.988
Epoch 37 | Loss: 0.3845 | Validation loss: 0.1781 | LR: 0.0005 | Validation accuracy: 98.3% | Macro F1: 0.984
Epoch 38 | Loss: 0.3832 | Validation loss: 0.1668 | LR: 0.0005 | Validation accuracy: 98.6% | Macro F1: 0.986
Epoch 39 | Loss: 0.3824 | Validation loss: 0.1806 | LR: 0.0005 | Validation accuracy: 98.1% | Macro F1: 0.981
Learning rate reduced: 0.0005 -> 0.00025
Epoch 40 | Loss: 0.3819 | Validation loss: 0.1715 | LR: 0.0005 | Validation accuracy: 98.5% | Macro F1: 0.985
Epoch 41 | Loss: 0.3806 | Validation loss: 0.1633 | LR: 0.00025 | Validation accuracy: 98.7% | Macro F1: 0.987
Epoch 42 | Loss: 0.3797 | Validation loss: 0.1594 | LR: 0.00025 | Validation accuracy: 98.3% | Macro F1: 0.983
Epoch 43 | Loss: 0.3796 | Validation loss: 0.1561 | LR: 0.00025 | Validation accuracy: 98.4% | Macro F1: 0.984
Learning rate reduced: 0.00025 -> 0.000125
Epoch 44 | Loss: 0.3794 | Validation loss: 0.1783 | LR: 0.00025 | Validation accuracy: 98.2% | Macro F1: 0.982
Epoch 45 | Loss: 0.3788 | Validation loss: 0.1588 | LR: 0.000125 | Validation accuracy: 98.5% | Macro F1: 0.985
Epoch 46 | Loss: 0.3784 | Validation loss: 0.1596 | LR: 0.000125 | Validation accuracy: 98.5% | Macro F1: 0.985
Early stopping. Best epoch: 36
Trial 7 finished | Validation accuracy: 98.7% | Macro F1: 0.9877 | Best trial: 5
Tuning optionb: trial 8/16 | {'hidden_size': 64, 'dropout': 0.35, 'lr': 0.0005, 'weight_decay': 0.001}
Selected dataset: optionb
Dataset folder: <MEX2>/optionb
Device: cuda
Classes: 33 | Wake: HELLO_KIBO | Exit: SAGITTARIUS | Excluded: ['HELLO_BUDDY', 'KNOCK_KNOCK', 'OKAY_THANK_YOU']
train speakers: ['s0', 's1', 's10', 's101', 's102', 's103', 's104', 's105', 's106', 's107', 's108', 's109', 's11', 's110', 's111', 's112', 's113', 's114', 's115', 's116', 's117', 's118', 's119', 's12', 's120', 's121', 's122', 's123', 's124', 's125', 's126', 's127', 's128', 's129', 's13', 's130', 's131', 's132', 's133', 's134', 's135', 's136', 's137', 's138', 's139', 's14', 's140', 's15', 's16', 's17', 's18', 's19', 's2', 's20', 's21', 's22', 's23', 's24', 's25', 's26', 's27', 's28', 's29', 's3', 's30', 's31', 's32', 's33', 's34', 's35', 's36', 's37', 's38', 's39', 's4', 's40', 's41', 's42', 's43', 's44', 's45', 's46', 's47', 's48', 's49', 's5', 's50', 's51', 's52', 's53', 's54', 's55', 's56', 's57', 's58', 's59', 's6', 's60', 's61', 's62', 's63', 's64', 's65', 's66', 's67', 's68', 's69', 's7', 's70', 's71', 's72', 's73', 's74', 's75', 's76', 's77', 's78', 's79', 's8', 's80', 's9', 'sx']
val speakers: ['s141', 's142', 's143', 's144', 's145', 's81', 's82', 's83', 's84', 's85', 's86', 's87', 's88', 's89', 's90']
test speakers: ['s100', 's146', 's147', 's148', 's149', 's150', 's91', 's92', 's93', 's94', 's95', 's96', 's97', 's98', 's99']
Train/Val/Test: 16296/1919/1896 recordings
Architecture: crnn | GRU hidden size: 64
Dropout: 0.35 | Initial LR: 0.0005 | Weight decay: 0.001 | LR halves after 4 epochs without validation F1 improvement
Epoch 01 | Loss: 2.9557 | Validation loss: 1.9898 | LR: 0.0005 | Validation accuracy: 52.2% | Macro F1: 0.461
Epoch 02 | Loss: 1.5854 | Validation loss: 1.0205 | LR: 0.0005 | Validation accuracy: 79.9% | Macro F1: 0.795
Epoch 03 | Loss: 0.9829 | Validation loss: 0.6246 | LR: 0.0005 | Validation accuracy: 89.7% | Macro F1: 0.896
Epoch 04 | Loss: 0.7313 | Validation loss: 0.4422 | LR: 0.0005 | Validation accuracy: 92.7% | Macro F1: 0.926
Epoch 05 | Loss: 0.6122 | Validation loss: 0.3583 | LR: 0.0005 | Validation accuracy: 94.2% | Macro F1: 0.942
Epoch 06 | Loss: 0.5469 | Validation loss: 0.3056 | LR: 0.0005 | Validation accuracy: 94.3% | Macro F1: 0.944
Epoch 07 | Loss: 0.5074 | Validation loss: 0.2772 | LR: 0.0005 | Validation accuracy: 94.8% | Macro F1: 0.949
Epoch 08 | Loss: 0.4867 | Validation loss: 0.2561 | LR: 0.0005 | Validation accuracy: 95.2% | Macro F1: 0.952
Epoch 09 | Loss: 0.4708 | Validation loss: 0.2428 | LR: 0.0005 | Validation accuracy: 95.2% | Macro F1: 0.952
Epoch 10 | Loss: 0.4563 | Validation loss: 0.2410 | LR: 0.0005 | Validation accuracy: 95.6% | Macro F1: 0.957
Epoch 11 | Loss: 0.4477 | Validation loss: 0.2422 | LR: 0.0005 | Validation accuracy: 95.5% | Macro F1: 0.954
Epoch 12 | Loss: 0.4428 | Validation loss: 0.2316 | LR: 0.0005 | Validation accuracy: 96.2% | Macro F1: 0.963
Epoch 13 | Loss: 0.4344 | Validation loss: 0.2304 | LR: 0.0005 | Validation accuracy: 96.6% | Macro F1: 0.966
Epoch 14 | Loss: 0.4290 | Validation loss: 0.2026 | LR: 0.0005 | Validation accuracy: 97.0% | Macro F1: 0.970
Epoch 15 | Loss: 0.4254 | Validation loss: 0.1961 | LR: 0.0005 | Validation accuracy: 97.7% | Macro F1: 0.976
Epoch 16 | Loss: 0.4196 | Validation loss: 0.2422 | LR: 0.0005 | Validation accuracy: 96.5% | Macro F1: 0.965
Epoch 17 | Loss: 0.4174 | Validation loss: 0.2016 | LR: 0.0005 | Validation accuracy: 97.4% | Macro F1: 0.974
Epoch 18 | Loss: 0.4136 | Validation loss: 0.2037 | LR: 0.0005 | Validation accuracy: 97.0% | Macro F1: 0.970
Learning rate reduced: 0.0005 -> 0.00025
Epoch 19 | Loss: 0.4112 | Validation loss: 0.2226 | LR: 0.0005 | Validation accuracy: 97.3% | Macro F1: 0.973
Epoch 20 | Loss: 0.4051 | Validation loss: 0.1973 | LR: 0.00025 | Validation accuracy: 97.9% | Macro F1: 0.979
Epoch 21 | Loss: 0.4028 | Validation loss: 0.1997 | LR: 0.00025 | Validation accuracy: 97.8% | Macro F1: 0.978
Epoch 22 | Loss: 0.4018 | Validation loss: 0.1989 | LR: 0.00025 | Validation accuracy: 97.7% | Macro F1: 0.976
Epoch 23 | Loss: 0.4012 | Validation loss: 0.1979 | LR: 0.00025 | Validation accuracy: 97.8% | Macro F1: 0.978
Learning rate reduced: 0.00025 -> 0.000125
Epoch 24 | Loss: 0.4000 | Validation loss: 0.1996 | LR: 0.00025 | Validation accuracy: 97.5% | Macro F1: 0.975
Epoch 25 | Loss: 0.3973 | Validation loss: 0.1922 | LR: 0.000125 | Validation accuracy: 97.9% | Macro F1: 0.979
Epoch 26 | Loss: 0.3966 | Validation loss: 0.1912 | LR: 0.000125 | Validation accuracy: 98.1% | Macro F1: 0.982
Epoch 27 | Loss: 0.3954 | Validation loss: 0.1946 | LR: 0.000125 | Validation accuracy: 98.0% | Macro F1: 0.980
Epoch 28 | Loss: 0.3953 | Validation loss: 0.1912 | LR: 0.000125 | Validation accuracy: 98.1% | Macro F1: 0.981
Epoch 29 | Loss: 0.3949 | Validation loss: 0.1970 | LR: 0.000125 | Validation accuracy: 97.9% | Macro F1: 0.979
Learning rate reduced: 0.000125 -> 6.25e-05
Epoch 30 | Loss: 0.3942 | Validation loss: 0.2049 | LR: 0.000125 | Validation accuracy: 97.8% | Macro F1: 0.978
Epoch 31 | Loss: 0.3929 | Validation loss: 0.1912 | LR: 6.25e-05 | Validation accuracy: 98.1% | Macro F1: 0.982
Epoch 32 | Loss: 0.3924 | Validation loss: 0.1986 | LR: 6.25e-05 | Validation accuracy: 98.1% | Macro F1: 0.981
Epoch 33 | Loss: 0.3925 | Validation loss: 0.1933 | LR: 6.25e-05 | Validation accuracy: 98.2% | Macro F1: 0.982
Epoch 34 | Loss: 0.3919 | Validation loss: 0.1986 | LR: 6.25e-05 | Validation accuracy: 97.9% | Macro F1: 0.979
Epoch 35 | Loss: 0.3915 | Validation loss: 0.1986 | LR: 6.25e-05 | Validation accuracy: 98.0% | Macro F1: 0.980
Epoch 36 | Loss: 0.3915 | Validation loss: 0.1877 | LR: 6.25e-05 | Validation accuracy: 98.3% | Macro F1: 0.984
Epoch 37 | Loss: 0.3914 | Validation loss: 0.1902 | LR: 6.25e-05 | Validation accuracy: 98.0% | Macro F1: 0.980
Epoch 38 | Loss: 0.3908 | Validation loss: 0.1955 | LR: 6.25e-05 | Validation accuracy: 98.0% | Macro F1: 0.980
Epoch 39 | Loss: 0.3907 | Validation loss: 0.1919 | LR: 6.25e-05 | Validation accuracy: 98.3% | Macro F1: 0.983
Learning rate reduced: 6.25e-05 -> 3.125e-05
Epoch 40 | Loss: 0.3902 | Validation loss: 0.1893 | LR: 6.25e-05 | Validation accuracy: 98.2% | Macro F1: 0.983
Epoch 41 | Loss: 0.3896 | Validation loss: 0.1906 | LR: 3.125e-05 | Validation accuracy: 98.1% | Macro F1: 0.981
Epoch 42 | Loss: 0.3893 | Validation loss: 0.1908 | LR: 3.125e-05 | Validation accuracy: 98.1% | Macro F1: 0.981
Epoch 43 | Loss: 0.3894 | Validation loss: 0.1942 | LR: 3.125e-05 | Validation accuracy: 98.1% | Macro F1: 0.981
Learning rate reduced: 3.125e-05 -> 1.5625e-05
Epoch 44 | Loss: 0.3890 | Validation loss: 0.1954 | LR: 3.125e-05 | Validation accuracy: 98.0% | Macro F1: 0.979
Epoch 45 | Loss: 0.3890 | Validation loss: 0.1903 | LR: 1.5625e-05 | Validation accuracy: 98.3% | Macro F1: 0.983
Epoch 46 | Loss: 0.3886 | Validation loss: 0.1874 | LR: 1.5625e-05 | Validation accuracy: 98.3% | Macro F1: 0.984
Early stopping. Best epoch: 36
Trial 8 finished | Validation accuracy: 98.3% | Macro F1: 0.9836 | Best trial: 5
Tuning optionb: trial 9/16 | {'hidden_size': 128, 'dropout': 0.25, 'lr': 0.001, 'weight_decay': 0.0001}
Selected dataset: optionb
Dataset folder: <MEX2>/optionb
Device: cuda
Classes: 33 | Wake: ['HELLO_KIBO'] | Exit: SAGITTARIUS | Excluded: ['HELLO_BUDDY', 'KNOCK_KNOCK', 'OKAY_THANK_YOU']
train speakers: ['s0', 's1', 's10', 's101', 's102', 's103', 's104', 's105', 's106', 's107', 's108', 's109', 's11', 's110', 's111', 's112', 's113', 's114', 's115', 's116', 's117', 's118', 's119', 's12', 's120', 's121', 's122', 's123', 's124', 's125', 's126', 's127', 's128', 's129', 's13', 's130', 's131', 's132', 's133', 's134', 's135', 's136', 's137', 's138', 's139', 's14', 's140', 's15', 's16', 's17', 's18', 's19', 's2', 's20', 's21', 's22', 's23', 's24', 's25', 's26', 's27', 's28', 's29', 's3', 's30', 's31', 's32', 's33', 's34', 's35', 's36', 's37', 's38', 's39', 's4', 's40', 's41', 's42', 's43', 's44', 's45', 's46', 's47', 's48', 's49', 's5', 's50', 's51', 's52', 's53', 's54', 's55', 's56', 's57', 's58', 's59', 's6', 's60', 's61', 's62', 's63', 's64', 's65', 's66', 's67', 's68', 's69', 's7', 's70', 's71', 's72', 's73', 's74', 's75', 's76', 's77', 's78', 's79', 's8', 's80', 's9', 'sx']
val speakers: ['s141', 's142', 's143', 's144', 's145', 's81', 's82', 's83', 's84', 's85', 's86', 's87', 's88', 's89', 's90']
test speakers: ['s100', 's146', 's147', 's148', 's149', 's150', 's91', 's92', 's93', 's94', 's95', 's96', 's97', 's98', 's99']
Train/Val/Test: 16296/1919/1896 recordings
Architecture: crnn | GRU hidden size: 128
Dropout: 0.25 | Initial LR: 0.001 | Weight decay: 0.0001 | LR halves after 4 epochs without validation F1 improvement
Epoch 01 | Loss: 2.6198 | Validation loss: 1.2392 | LR: 0.001 | Validation accuracy: 68.5% | Macro F1: 0.658
Epoch 02 | Loss: 0.9612 | Validation loss: 0.4798 | LR: 0.001 | Validation accuracy: 89.5% | Macro F1: 0.893
Epoch 03 | Loss: 0.5937 | Validation loss: 0.2821 | LR: 0.001 | Validation accuracy: 94.6% | Macro F1: 0.944
Epoch 04 | Loss: 0.4903 | Validation loss: 0.2401 | LR: 0.001 | Validation accuracy: 96.3% | Macro F1: 0.961
Epoch 05 | Loss: 0.4501 | Validation loss: 0.2117 | LR: 0.001 | Validation accuracy: 97.0% | Macro F1: 0.968
Epoch 06 | Loss: 0.4281 | Validation loss: 0.2057 | LR: 0.001 | Validation accuracy: 97.0% | Macro F1: 0.969
Epoch 07 | Loss: 0.4138 | Validation loss: 0.1883 | LR: 0.001 | Validation accuracy: 97.8% | Macro F1: 0.977
Epoch 08 | Loss: 0.4058 | Validation loss: 0.1963 | LR: 0.001 | Validation accuracy: 97.6% | Macro F1: 0.975
Epoch 09 | Loss: 0.3991 | Validation loss: 0.1804 | LR: 0.001 | Validation accuracy: 97.8% | Macro F1: 0.977
Epoch 10 | Loss: 0.3937 | Validation loss: 0.1748 | LR: 0.001 | Validation accuracy: 97.5% | Macro F1: 0.974
Epoch 11 | Loss: 0.3902 | Validation loss: 0.1770 | LR: 0.001 | Validation accuracy: 98.2% | Macro F1: 0.981
Epoch 12 | Loss: 0.3865 | Validation loss: 0.1641 | LR: 0.001 | Validation accuracy: 98.2% | Macro F1: 0.982
Epoch 13 | Loss: 0.3834 | Validation loss: 0.1639 | LR: 0.001 | Validation accuracy: 98.4% | Macro F1: 0.984
Epoch 14 | Loss: 0.3813 | Validation loss: 0.1618 | LR: 0.001 | Validation accuracy: 98.5% | Macro F1: 0.985
Epoch 15 | Loss: 0.3798 | Validation loss: 0.1592 | LR: 0.001 | Validation accuracy: 98.5% | Macro F1: 0.985
Epoch 16 | Loss: 0.3780 | Validation loss: 0.1523 | LR: 0.001 | Validation accuracy: 98.7% | Macro F1: 0.987
Epoch 17 | Loss: 0.3757 | Validation loss: 0.1426 | LR: 0.001 | Validation accuracy: 98.8% | Macro F1: 0.988
Epoch 18 | Loss: 0.3751 | Validation loss: 0.2095 | LR: 0.001 | Validation accuracy: 97.7% | Macro F1: 0.976
Epoch 19 | Loss: 0.4016 | Validation loss: 0.1533 | LR: 0.001 | Validation accuracy: 98.1% | Macro F1: 0.981
Epoch 20 | Loss: 0.3755 | Validation loss: 0.1479 | LR: 0.001 | Validation accuracy: 98.3% | Macro F1: 0.983
Learning rate reduced: 0.001 -> 0.0005
Epoch 21 | Loss: 0.3729 | Validation loss: 0.1477 | LR: 0.001 | Validation accuracy: 98.8% | Macro F1: 0.988
Epoch 22 | Loss: 0.3716 | Validation loss: 0.1429 | LR: 0.0005 | Validation accuracy: 98.7% | Macro F1: 0.987
Epoch 23 | Loss: 0.3710 | Validation loss: 0.1400 | LR: 0.0005 | Validation accuracy: 98.9% | Macro F1: 0.988
Epoch 24 | Loss: 0.3707 | Validation loss: 0.1334 | LR: 0.0005 | Validation accuracy: 98.9% | Macro F1: 0.989
Epoch 25 | Loss: 0.3702 | Validation loss: 0.1365 | LR: 0.0005 | Validation accuracy: 99.0% | Macro F1: 0.990
Epoch 26 | Loss: 0.3699 | Validation loss: 0.1329 | LR: 0.0005 | Validation accuracy: 99.0% | Macro F1: 0.990
Epoch 27 | Loss: 0.3696 | Validation loss: 0.1393 | LR: 0.0005 | Validation accuracy: 98.7% | Macro F1: 0.987
Epoch 28 | Loss: 0.3693 | Validation loss: 0.1363 | LR: 0.0005 | Validation accuracy: 98.7% | Macro F1: 0.987
Learning rate reduced: 0.0005 -> 0.00025
Epoch 29 | Loss: 0.3690 | Validation loss: 0.1360 | LR: 0.0005 | Validation accuracy: 98.9% | Macro F1: 0.989
Epoch 30 | Loss: 0.3687 | Validation loss: 0.1321 | LR: 0.00025 | Validation accuracy: 99.0% | Macro F1: 0.990
Epoch 31 | Loss: 0.3685 | Validation loss: 0.1315 | LR: 0.00025 | Validation accuracy: 99.0% | Macro F1: 0.990
Epoch 32 | Loss: 0.3683 | Validation loss: 0.1335 | LR: 0.00025 | Validation accuracy: 99.0% | Macro F1: 0.990
Epoch 33 | Loss: 0.3682 | Validation loss: 0.1281 | LR: 0.00025 | Validation accuracy: 99.1% | Macro F1: 0.991
Epoch 34 | Loss: 0.3682 | Validation loss: 0.1276 | LR: 0.00025 | Validation accuracy: 98.9% | Macro F1: 0.989
Epoch 35 | Loss: 0.3680 | Validation loss: 0.1291 | LR: 0.00025 | Validation accuracy: 98.9% | Macro F1: 0.989
Epoch 36 | Loss: 0.3679 | Validation loss: 0.1325 | LR: 0.00025 | Validation accuracy: 99.0% | Macro F1: 0.990
Epoch 37 | Loss: 0.3679 | Validation loss: 0.1266 | LR: 0.00025 | Validation accuracy: 99.1% | Macro F1: 0.991
Epoch 38 | Loss: 0.3677 | Validation loss: 0.1276 | LR: 0.00025 | Validation accuracy: 99.0% | Macro F1: 0.990
Epoch 39 | Loss: 0.3675 | Validation loss: 0.1364 | LR: 0.00025 | Validation accuracy: 98.9% | Macro F1: 0.989
Epoch 40 | Loss: 0.3675 | Validation loss: 0.1284 | LR: 0.00025 | Validation accuracy: 99.0% | Macro F1: 0.990
Learning rate reduced: 0.00025 -> 0.000125
Epoch 41 | Loss: 0.3675 | Validation loss: 0.1340 | LR: 0.00025 | Validation accuracy: 99.0% | Macro F1: 0.990
Epoch 42 | Loss: 0.3672 | Validation loss: 0.1293 | LR: 0.000125 | Validation accuracy: 98.9% | Macro F1: 0.989
Epoch 43 | Loss: 0.3671 | Validation loss: 0.1334 | LR: 0.000125 | Validation accuracy: 98.8% | Macro F1: 0.988
Epoch 44 | Loss: 0.3670 | Validation loss: 0.1269 | LR: 0.000125 | Validation accuracy: 99.1% | Macro F1: 0.991
Epoch 45 | Loss: 0.3670 | Validation loss: 0.1239 | LR: 0.000125 | Validation accuracy: 99.2% | Macro F1: 0.992
Epoch 46 | Loss: 0.3669 | Validation loss: 0.1274 | LR: 0.000125 | Validation accuracy: 99.1% | Macro F1: 0.991
Epoch 47 | Loss: 0.3669 | Validation loss: 0.1257 | LR: 0.000125 | Validation accuracy: 99.2% | Macro F1: 0.992
Epoch 48 | Loss: 0.3669 | Validation loss: 0.1274 | LR: 0.000125 | Validation accuracy: 99.0% | Macro F1: 0.990
Learning rate reduced: 0.000125 -> 6.25e-05
Epoch 49 | Loss: 0.3667 | Validation loss: 0.1208 | LR: 0.000125 | Validation accuracy: 99.1% | Macro F1: 0.991
Epoch 50 | Loss: 0.3667 | Validation loss: 0.1243 | LR: 6.25e-05 | Validation accuracy: 99.1% | Macro F1: 0.991
Epoch 51 | Loss: 0.3667 | Validation loss: 0.1230 | LR: 6.25e-05 | Validation accuracy: 99.1% | Macro F1: 0.991
Epoch 52 | Loss: 0.3667 | Validation loss: 0.1242 | LR: 6.25e-05 | Validation accuracy: 99.1% | Macro F1: 0.991
Learning rate reduced: 6.25e-05 -> 3.125e-05
Epoch 53 | Loss: 0.3666 | Validation loss: 0.1229 | LR: 6.25e-05 | Validation accuracy: 99.1% | Macro F1: 0.991
Epoch 54 | Loss: 0.3666 | Validation loss: 0.1259 | LR: 3.125e-05 | Validation accuracy: 99.1% | Macro F1: 0.991
Epoch 55 | Loss: 0.3666 | Validation loss: 0.1218 | LR: 3.125e-05 | Validation accuracy: 99.2% | Macro F1: 0.992
Early stopping. Best epoch: 45
Trial 9 finished | Validation accuracy: 99.2% | Macro F1: 0.9916 | Best trial: 5
Tuning optionb: trial 10/16 | {'hidden_size': 128, 'dropout': 0.25, 'lr': 0.001, 'weight_decay': 0.001}
Selected dataset: optionb
Dataset folder: <MEX2>/optionb
Device: cuda
Classes: 33 | Wake: ['HELLO_KIBO'] | Exit: SAGITTARIUS | Excluded: ['HELLO_BUDDY', 'KNOCK_KNOCK', 'OKAY_THANK_YOU']
train speakers: ['s0', 's1', 's10', 's101', 's102', 's103', 's104', 's105', 's106', 's107', 's108', 's109', 's11', 's110', 's111', 's112', 's113', 's114', 's115', 's116', 's117', 's118', 's119', 's12', 's120', 's121', 's122', 's123', 's124', 's125', 's126', 's127', 's128', 's129', 's13', 's130', 's131', 's132', 's133', 's134', 's135', 's136', 's137', 's138', 's139', 's14', 's140', 's15', 's16', 's17', 's18', 's19', 's2', 's20', 's21', 's22', 's23', 's24', 's25', 's26', 's27', 's28', 's29', 's3', 's30', 's31', 's32', 's33', 's34', 's35', 's36', 's37', 's38', 's39', 's4', 's40', 's41', 's42', 's43', 's44', 's45', 's46', 's47', 's48', 's49', 's5', 's50', 's51', 's52', 's53', 's54', 's55', 's56', 's57', 's58', 's59', 's6', 's60', 's61', 's62', 's63', 's64', 's65', 's66', 's67', 's68', 's69', 's7', 's70', 's71', 's72', 's73', 's74', 's75', 's76', 's77', 's78', 's79', 's8', 's80', 's9', 'sx']
val speakers: ['s141', 's142', 's143', 's144', 's145', 's81', 's82', 's83', 's84', 's85', 's86', 's87', 's88', 's89', 's90']
test speakers: ['s100', 's146', 's147', 's148', 's149', 's150', 's91', 's92', 's93', 's94', 's95', 's96', 's97', 's98', 's99']
Train/Val/Test: 16296/1919/1896 recordings
Architecture: crnn | GRU hidden size: 128
Dropout: 0.25 | Initial LR: 0.001 | Weight decay: 0.001 | LR halves after 4 epochs without validation F1 improvement
Epoch 01 | Loss: 2.6240 | Validation loss: 1.2842 | LR: 0.001 | Validation accuracy: 66.5% | Macro F1: 0.636
Epoch 02 | Loss: 0.9801 | Validation loss: 0.5093 | LR: 0.001 | Validation accuracy: 90.7% | Macro F1: 0.904
Epoch 03 | Loss: 0.5962 | Validation loss: 0.3120 | LR: 0.001 | Validation accuracy: 93.9% | Macro F1: 0.937
Epoch 04 | Loss: 0.4968 | Validation loss: 0.2720 | LR: 0.001 | Validation accuracy: 95.0% | Macro F1: 0.950
Epoch 05 | Loss: 0.4567 | Validation loss: 0.2422 | LR: 0.001 | Validation accuracy: 95.5% | Macro F1: 0.953
Epoch 06 | Loss: 0.4312 | Validation loss: 0.2225 | LR: 0.001 | Validation accuracy: 96.3% | Macro F1: 0.962
Epoch 07 | Loss: 0.4180 | Validation loss: 0.1996 | LR: 0.001 | Validation accuracy: 97.0% | Macro F1: 0.969
Epoch 08 | Loss: 0.4093 | Validation loss: 0.1964 | LR: 0.001 | Validation accuracy: 97.3% | Macro F1: 0.973
Epoch 09 | Loss: 0.4020 | Validation loss: 0.1999 | LR: 0.001 | Validation accuracy: 97.3% | Macro F1: 0.971
Epoch 10 | Loss: 0.3963 | Validation loss: 0.1927 | LR: 0.001 | Validation accuracy: 97.3% | Macro F1: 0.973
Epoch 11 | Loss: 0.3934 | Validation loss: 0.1820 | LR: 0.001 | Validation accuracy: 98.0% | Macro F1: 0.980
Epoch 12 | Loss: 0.3886 | Validation loss: 0.1906 | LR: 0.001 | Validation accuracy: 97.6% | Macro F1: 0.975
Epoch 13 | Loss: 0.3851 | Validation loss: 0.1738 | LR: 0.001 | Validation accuracy: 98.1% | Macro F1: 0.980
Epoch 14 | Loss: 0.3818 | Validation loss: 0.1679 | LR: 0.001 | Validation accuracy: 98.2% | Macro F1: 0.980
Epoch 15 | Loss: 0.3798 | Validation loss: 0.1713 | LR: 0.001 | Validation accuracy: 97.9% | Macro F1: 0.979
Epoch 16 | Loss: 0.3798 | Validation loss: 0.2187 | LR: 0.001 | Validation accuracy: 96.2% | Macro F1: 0.963
Learning rate reduced: 0.001 -> 0.0005
Epoch 17 | Loss: 0.3994 | Validation loss: 0.1872 | LR: 0.001 | Validation accuracy: 97.7% | Macro F1: 0.977
Epoch 18 | Loss: 0.3805 | Validation loss: 0.1528 | LR: 0.0005 | Validation accuracy: 97.9% | Macro F1: 0.977
Epoch 19 | Loss: 0.3759 | Validation loss: 0.1555 | LR: 0.0005 | Validation accuracy: 98.1% | Macro F1: 0.980
Epoch 20 | Loss: 0.3745 | Validation loss: 0.1505 | LR: 0.0005 | Validation accuracy: 98.4% | Macro F1: 0.983
Epoch 21 | Loss: 0.3734 | Validation loss: 0.1546 | LR: 0.0005 | Validation accuracy: 98.3% | Macro F1: 0.982
Epoch 22 | Loss: 0.3728 | Validation loss: 0.1507 | LR: 0.0005 | Validation accuracy: 98.4% | Macro F1: 0.984
Epoch 23 | Loss: 0.3721 | Validation loss: 0.1501 | LR: 0.0005 | Validation accuracy: 98.4% | Macro F1: 0.983
Epoch 24 | Loss: 0.3718 | Validation loss: 0.1426 | LR: 0.0005 | Validation accuracy: 98.6% | Macro F1: 0.986
Epoch 25 | Loss: 0.3712 | Validation loss: 0.1527 | LR: 0.0005 | Validation accuracy: 98.4% | Macro F1: 0.984
Epoch 26 | Loss: 0.3708 | Validation loss: 0.1509 | LR: 0.0005 | Validation accuracy: 98.4% | Macro F1: 0.983
Epoch 27 | Loss: 0.3705 | Validation loss: 0.1454 | LR: 0.0005 | Validation accuracy: 98.3% | Macro F1: 0.982
Learning rate reduced: 0.0005 -> 0.00025
Epoch 28 | Loss: 0.3700 | Validation loss: 0.1363 | LR: 0.0005 | Validation accuracy: 98.4% | Macro F1: 0.983
Epoch 29 | Loss: 0.3694 | Validation loss: 0.1375 | LR: 0.00025 | Validation accuracy: 98.6% | Macro F1: 0.986
Epoch 30 | Loss: 0.3693 | Validation loss: 0.1465 | LR: 0.00025 | Validation accuracy: 98.4% | Macro F1: 0.983
Epoch 31 | Loss: 0.3691 | Validation loss: 0.1445 | LR: 0.00025 | Validation accuracy: 98.6% | Macro F1: 0.986
Epoch 32 | Loss: 0.3689 | Validation loss: 0.1417 | LR: 0.00025 | Validation accuracy: 98.6% | Macro F1: 0.986
Epoch 33 | Loss: 0.3687 | Validation loss: 0.1357 | LR: 0.00025 | Validation accuracy: 98.7% | Macro F1: 0.988
Epoch 34 | Loss: 0.3687 | Validation loss: 0.1295 | LR: 0.00025 | Validation accuracy: 98.6% | Macro F1: 0.986
Epoch 35 | Loss: 0.3685 | Validation loss: 0.1401 | LR: 0.00025 | Validation accuracy: 98.6% | Macro F1: 0.987
Epoch 36 | Loss: 0.3684 | Validation loss: 0.1278 | LR: 0.00025 | Validation accuracy: 98.8% | Macro F1: 0.988
Epoch 37 | Loss: 0.3682 | Validation loss: 0.1296 | LR: 0.00025 | Validation accuracy: 98.7% | Macro F1: 0.987
Epoch 38 | Loss: 0.3681 | Validation loss: 0.1330 | LR: 0.00025 | Validation accuracy: 98.5% | Macro F1: 0.985
Epoch 39 | Loss: 0.3680 | Validation loss: 0.1301 | LR: 0.00025 | Validation accuracy: 98.9% | Macro F1: 0.989
Epoch 40 | Loss: 0.3700 | Validation loss: 0.1562 | LR: 0.00025 | Validation accuracy: 98.4% | Macro F1: 0.983
Epoch 41 | Loss: 0.3699 | Validation loss: 0.1360 | LR: 0.00025 | Validation accuracy: 98.9% | Macro F1: 0.989
Epoch 42 | Loss: 0.3680 | Validation loss: 0.1285 | LR: 0.00025 | Validation accuracy: 98.8% | Macro F1: 0.988
Learning rate reduced: 0.00025 -> 0.000125
Epoch 43 | Loss: 0.3677 | Validation loss: 0.1268 | LR: 0.00025 | Validation accuracy: 98.9% | Macro F1: 0.988
Epoch 44 | Loss: 0.3675 | Validation loss: 0.1273 | LR: 0.000125 | Validation accuracy: 98.7% | Macro F1: 0.987
Epoch 45 | Loss: 0.3674 | Validation loss: 0.1298 | LR: 0.000125 | Validation accuracy: 98.9% | Macro F1: 0.989
Epoch 46 | Loss: 0.3673 | Validation loss: 0.1299 | LR: 0.000125 | Validation accuracy: 98.9% | Macro F1: 0.989
Epoch 47 | Loss: 0.3672 | Validation loss: 0.1277 | LR: 0.000125 | Validation accuracy: 99.0% | Macro F1: 0.990
Epoch 48 | Loss: 0.3672 | Validation loss: 0.1289 | LR: 0.000125 | Validation accuracy: 99.0% | Macro F1: 0.990
Epoch 49 | Loss: 0.3671 | Validation loss: 0.1242 | LR: 0.000125 | Validation accuracy: 98.9% | Macro F1: 0.989
Epoch 50 | Loss: 0.3672 | Validation loss: 0.1273 | LR: 0.000125 | Validation accuracy: 98.8% | Macro F1: 0.988
Learning rate reduced: 0.000125 -> 6.25e-05
Epoch 51 | Loss: 0.3671 | Validation loss: 0.1260 | LR: 0.000125 | Validation accuracy: 99.0% | Macro F1: 0.990
Epoch 52 | Loss: 0.3670 | Validation loss: 0.1259 | LR: 6.25e-05 | Validation accuracy: 99.0% | Macro F1: 0.990
Epoch 53 | Loss: 0.3669 | Validation loss: 0.1265 | LR: 6.25e-05 | Validation accuracy: 99.0% | Macro F1: 0.990
Epoch 54 | Loss: 0.3669 | Validation loss: 0.1284 | LR: 6.25e-05 | Validation accuracy: 99.0% | Macro F1: 0.990
Learning rate reduced: 6.25e-05 -> 3.125e-05
Epoch 55 | Loss: 0.3669 | Validation loss: 0.1274 | LR: 6.25e-05 | Validation accuracy: 99.0% | Macro F1: 0.990
Epoch 56 | Loss: 0.3669 | Validation loss: 0.1268 | LR: 3.125e-05 | Validation accuracy: 99.0% | Macro F1: 0.990
Epoch 57 | Loss: 0.3668 | Validation loss: 0.1271 | LR: 3.125e-05 | Validation accuracy: 98.9% | Macro F1: 0.989
Epoch 58 | Loss: 0.3668 | Validation loss: 0.1259 | LR: 3.125e-05 | Validation accuracy: 99.0% | Macro F1: 0.990
Epoch 59 | Loss: 0.3668 | Validation loss: 0.1250 | LR: 3.125e-05 | Validation accuracy: 98.9% | Macro F1: 0.989
Learning rate reduced: 3.125e-05 -> 1.5625e-05
Epoch 60 | Loss: 0.3667 | Validation loss: 0.1270 | LR: 3.125e-05 | Validation accuracy: 99.0% | Macro F1: 0.990
Trial 10 finished | Validation accuracy: 99.0% | Macro F1: 0.9901 | Best trial: 5
Tuning optionb: trial 11/16 | {'hidden_size': 128, 'dropout': 0.25, 'lr': 0.0005, 'weight_decay': 0.0001}
Selected dataset: optionb
Dataset folder: <MEX2>/optionb
Device: cuda
Classes: 33 | Wake: ['HELLO_KIBO'] | Exit: SAGITTARIUS | Excluded: ['HELLO_BUDDY', 'KNOCK_KNOCK', 'OKAY_THANK_YOU']
train speakers: ['s0', 's1', 's10', 's101', 's102', 's103', 's104', 's105', 's106', 's107', 's108', 's109', 's11', 's110', 's111', 's112', 's113', 's114', 's115', 's116', 's117', 's118', 's119', 's12', 's120', 's121', 's122', 's123', 's124', 's125', 's126', 's127', 's128', 's129', 's13', 's130', 's131', 's132', 's133', 's134', 's135', 's136', 's137', 's138', 's139', 's14', 's140', 's15', 's16', 's17', 's18', 's19', 's2', 's20', 's21', 's22', 's23', 's24', 's25', 's26', 's27', 's28', 's29', 's3', 's30', 's31', 's32', 's33', 's34', 's35', 's36', 's37', 's38', 's39', 's4', 's40', 's41', 's42', 's43', 's44', 's45', 's46', 's47', 's48', 's49', 's5', 's50', 's51', 's52', 's53', 's54', 's55', 's56', 's57', 's58', 's59', 's6', 's60', 's61', 's62', 's63', 's64', 's65', 's66', 's67', 's68', 's69', 's7', 's70', 's71', 's72', 's73', 's74', 's75', 's76', 's77', 's78', 's79', 's8', 's80', 's9', 'sx']
val speakers: ['s141', 's142', 's143', 's144', 's145', 's81', 's82', 's83', 's84', 's85', 's86', 's87', 's88', 's89', 's90']
test speakers: ['s100', 's146', 's147', 's148', 's149', 's150', 's91', 's92', 's93', 's94', 's95', 's96', 's97', 's98', 's99']
Train/Val/Test: 16296/1919/1896 recordings
Architecture: crnn | GRU hidden size: 128
Dropout: 0.25 | Initial LR: 0.0005 | Weight decay: 0.0001 | LR halves after 4 epochs without validation F1 improvement
Epoch 01 | Loss: 2.5346 | Validation loss: 1.2587 | LR: 0.0005 | Validation accuracy: 69.2% | Macro F1: 0.662
Epoch 02 | Loss: 0.9898 | Validation loss: 0.5358 | LR: 0.0005 | Validation accuracy: 90.1% | Macro F1: 0.900
Epoch 03 | Loss: 0.6098 | Validation loss: 0.3259 | LR: 0.0005 | Validation accuracy: 94.0% | Macro F1: 0.939
Epoch 04 | Loss: 0.4941 | Validation loss: 0.2929 | LR: 0.0005 | Validation accuracy: 94.2% | Macro F1: 0.942
Epoch 05 | Loss: 0.4532 | Validation loss: 0.2332 | LR: 0.0005 | Validation accuracy: 96.0% | Macro F1: 0.959
Epoch 06 | Loss: 0.4297 | Validation loss: 0.2373 | LR: 0.0005 | Validation accuracy: 96.6% | Macro F1: 0.964
Epoch 07 | Loss: 0.4175 | Validation loss: 0.2137 | LR: 0.0005 | Validation accuracy: 96.1% | Macro F1: 0.960
Epoch 08 | Loss: 0.4086 | Validation loss: 0.2112 | LR: 0.0005 | Validation accuracy: 97.3% | Macro F1: 0.973
Epoch 09 | Loss: 0.4027 | Validation loss: 0.2042 | LR: 0.0005 | Validation accuracy: 97.7% | Macro F1: 0.976
Epoch 10 | Loss: 0.3973 | Validation loss: 0.2073 | LR: 0.0005 | Validation accuracy: 97.6% | Macro F1: 0.975
Epoch 11 | Loss: 0.3939 | Validation loss: 0.1954 | LR: 0.0005 | Validation accuracy: 97.8% | Macro F1: 0.978
Epoch 12 | Loss: 0.3900 | Validation loss: 0.2115 | LR: 0.0005 | Validation accuracy: 97.2% | Macro F1: 0.972
Epoch 13 | Loss: 0.3880 | Validation loss: 0.1924 | LR: 0.0005 | Validation accuracy: 98.0% | Macro F1: 0.979
Epoch 14 | Loss: 0.3861 | Validation loss: 0.2004 | LR: 0.0005 | Validation accuracy: 97.7% | Macro F1: 0.977
Epoch 15 | Loss: 0.3831 | Validation loss: 0.1848 | LR: 0.0005 | Validation accuracy: 98.2% | Macro F1: 0.981
Epoch 16 | Loss: 0.3814 | Validation loss: 0.1830 | LR: 0.0005 | Validation accuracy: 98.3% | Macro F1: 0.982
Epoch 17 | Loss: 0.3799 | Validation loss: 0.1763 | LR: 0.0005 | Validation accuracy: 98.5% | Macro F1: 0.985
Epoch 18 | Loss: 0.3791 | Validation loss: 0.1826 | LR: 0.0005 | Validation accuracy: 98.3% | Macro F1: 0.982
Epoch 19 | Loss: 0.3945 | Validation loss: 0.1969 | LR: 0.0005 | Validation accuracy: 97.2% | Macro F1: 0.970
Epoch 20 | Loss: 0.3817 | Validation loss: 0.1667 | LR: 0.0005 | Validation accuracy: 98.5% | Macro F1: 0.985
Epoch 21 | Loss: 0.3761 | Validation loss: 0.1687 | LR: 0.0005 | Validation accuracy: 98.6% | Macro F1: 0.986
Epoch 22 | Loss: 0.3745 | Validation loss: 0.1624 | LR: 0.0005 | Validation accuracy: 98.7% | Macro F1: 0.987
Epoch 23 | Loss: 0.3736 | Validation loss: 0.1790 | LR: 0.0005 | Validation accuracy: 98.3% | Macro F1: 0.983
Epoch 24 | Loss: 0.3896 | Validation loss: 0.1584 | LR: 0.0005 | Validation accuracy: 98.5% | Macro F1: 0.984
Epoch 25 | Loss: 0.3740 | Validation loss: 0.1530 | LR: 0.0005 | Validation accuracy: 98.6% | Macro F1: 0.987
Epoch 26 | Loss: 0.3725 | Validation loss: 0.1569 | LR: 0.0005 | Validation accuracy: 99.0% | Macro F1: 0.990
Epoch 27 | Loss: 0.3717 | Validation loss: 0.1481 | LR: 0.0005 | Validation accuracy: 99.2% | Macro F1: 0.992
Epoch 28 | Loss: 0.3710 | Validation loss: 0.1476 | LR: 0.0005 | Validation accuracy: 99.1% | Macro F1: 0.991
Epoch 29 | Loss: 0.3707 | Validation loss: 0.1504 | LR: 0.0005 | Validation accuracy: 99.2% | Macro F1: 0.992
Epoch 30 | Loss: 0.3704 | Validation loss: 0.1388 | LR: 0.0005 | Validation accuracy: 99.2% | Macro F1: 0.992
Learning rate reduced: 0.0005 -> 0.00025
Epoch 31 | Loss: 0.3701 | Validation loss: 0.1503 | LR: 0.0005 | Validation accuracy: 98.8% | Macro F1: 0.988
Epoch 32 | Loss: 0.3693 | Validation loss: 0.1467 | LR: 0.00025 | Validation accuracy: 99.1% | Macro F1: 0.991
Epoch 33 | Loss: 0.3691 | Validation loss: 0.1447 | LR: 0.00025 | Validation accuracy: 99.0% | Macro F1: 0.990
Epoch 34 | Loss: 0.3689 | Validation loss: 0.1437 | LR: 0.00025 | Validation accuracy: 98.9% | Macro F1: 0.989
Learning rate reduced: 0.00025 -> 0.000125
Epoch 35 | Loss: 0.3689 | Validation loss: 0.1468 | LR: 0.00025 | Validation accuracy: 99.0% | Macro F1: 0.990
Epoch 36 | Loss: 0.3684 | Validation loss: 0.1445 | LR: 0.000125 | Validation accuracy: 99.1% | Macro F1: 0.991
Epoch 37 | Loss: 0.3683 | Validation loss: 0.1414 | LR: 0.000125 | Validation accuracy: 99.2% | Macro F1: 0.992
Epoch 38 | Loss: 0.3682 | Validation loss: 0.1445 | LR: 0.000125 | Validation accuracy: 99.0% | Macro F1: 0.989
Epoch 39 | Loss: 0.3682 | Validation loss: 0.1412 | LR: 0.000125 | Validation accuracy: 99.2% | Macro F1: 0.992
Epoch 40 | Loss: 0.3682 | Validation loss: 0.1495 | LR: 0.000125 | Validation accuracy: 99.0% | Macro F1: 0.990
Learning rate reduced: 0.000125 -> 6.25e-05
Epoch 41 | Loss: 0.3681 | Validation loss: 0.1514 | LR: 0.000125 | Validation accuracy: 99.0% | Macro F1: 0.990
Epoch 42 | Loss: 0.3678 | Validation loss: 0.1472 | LR: 6.25e-05 | Validation accuracy: 99.0% | Macro F1: 0.990
Epoch 43 | Loss: 0.3678 | Validation loss: 0.1445 | LR: 6.25e-05 | Validation accuracy: 99.1% | Macro F1: 0.991
Epoch 44 | Loss: 0.3677 | Validation loss: 0.1389 | LR: 6.25e-05 | Validation accuracy: 99.2% | Macro F1: 0.991
Learning rate reduced: 6.25e-05 -> 3.125e-05
Epoch 45 | Loss: 0.3677 | Validation loss: 0.1463 | LR: 6.25e-05 | Validation accuracy: 99.0% | Macro F1: 0.990
Epoch 46 | Loss: 0.3676 | Validation loss: 0.1443 | LR: 3.125e-05 | Validation accuracy: 99.0% | Macro F1: 0.990
Epoch 47 | Loss: 0.3676 | Validation loss: 0.1469 | LR: 3.125e-05 | Validation accuracy: 99.0% | Macro F1: 0.989
Early stopping. Best epoch: 37
Trial 11 finished | Validation accuracy: 99.2% | Macro F1: 0.9923 | Best trial: 11
Tuning optionb: trial 12/16 | {'hidden_size': 128, 'dropout': 0.25, 'lr': 0.0005, 'weight_decay': 0.001}
Selected dataset: optionb
Dataset folder: <MEX2>/optionb
Device: cuda
Classes: 33 | Wake: ['HELLO_KIBO'] | Exit: SAGITTARIUS | Excluded: ['HELLO_BUDDY', 'KNOCK_KNOCK', 'OKAY_THANK_YOU']
train speakers: ['s0', 's1', 's10', 's101', 's102', 's103', 's104', 's105', 's106', 's107', 's108', 's109', 's11', 's110', 's111', 's112', 's113', 's114', 's115', 's116', 's117', 's118', 's119', 's12', 's120', 's121', 's122', 's123', 's124', 's125', 's126', 's127', 's128', 's129', 's13', 's130', 's131', 's132', 's133', 's134', 's135', 's136', 's137', 's138', 's139', 's14', 's140', 's15', 's16', 's17', 's18', 's19', 's2', 's20', 's21', 's22', 's23', 's24', 's25', 's26', 's27', 's28', 's29', 's3', 's30', 's31', 's32', 's33', 's34', 's35', 's36', 's37', 's38', 's39', 's4', 's40', 's41', 's42', 's43', 's44', 's45', 's46', 's47', 's48', 's49', 's5', 's50', 's51', 's52', 's53', 's54', 's55', 's56', 's57', 's58', 's59', 's6', 's60', 's61', 's62', 's63', 's64', 's65', 's66', 's67', 's68', 's69', 's7', 's70', 's71', 's72', 's73', 's74', 's75', 's76', 's77', 's78', 's79', 's8', 's80', 's9', 'sx']
val speakers: ['s141', 's142', 's143', 's144', 's145', 's81', 's82', 's83', 's84', 's85', 's86', 's87', 's88', 's89', 's90']
test speakers: ['s100', 's146', 's147', 's148', 's149', 's150', 's91', 's92', 's93', 's94', 's95', 's96', 's97', 's98', 's99']
Train/Val/Test: 16296/1919/1896 recordings
Architecture: crnn | GRU hidden size: 128
Dropout: 0.25 | Initial LR: 0.0005 | Weight decay: 0.001 | LR halves after 4 epochs without validation F1 improvement
Epoch 01 | Loss: 2.5455 | Validation loss: 1.2673 | LR: 0.0005 | Validation accuracy: 69.4% | Macro F1: 0.666
Epoch 02 | Loss: 1.0015 | Validation loss: 0.5218 | LR: 0.0005 | Validation accuracy: 90.4% | Macro F1: 0.903
Epoch 03 | Loss: 0.6064 | Validation loss: 0.3157 | LR: 0.0005 | Validation accuracy: 93.9% | Macro F1: 0.938
Epoch 04 | Loss: 0.4893 | Validation loss: 0.2651 | LR: 0.0005 | Validation accuracy: 94.7% | Macro F1: 0.947
Epoch 05 | Loss: 0.4509 | Validation loss: 0.2452 | LR: 0.0005 | Validation accuracy: 95.6% | Macro F1: 0.954
Epoch 06 | Loss: 0.4278 | Validation loss: 0.2434 | LR: 0.0005 | Validation accuracy: 96.1% | Macro F1: 0.961
Epoch 07 | Loss: 0.4154 | Validation loss: 0.2145 | LR: 0.0005 | Validation accuracy: 96.4% | Macro F1: 0.963
Epoch 08 | Loss: 0.4071 | Validation loss: 0.2085 | LR: 0.0005 | Validation accuracy: 97.0% | Macro F1: 0.969
Epoch 09 | Loss: 0.4016 | Validation loss: 0.2166 | LR: 0.0005 | Validation accuracy: 96.8% | Macro F1: 0.967
Epoch 10 | Loss: 0.3970 | Validation loss: 0.2045 | LR: 0.0005 | Validation accuracy: 97.2% | Macro F1: 0.972
Epoch 11 | Loss: 0.3935 | Validation loss: 0.2023 | LR: 0.0005 | Validation accuracy: 97.2% | Macro F1: 0.971
Epoch 12 | Loss: 0.3899 | Validation loss: 0.2050 | LR: 0.0005 | Validation accuracy: 97.6% | Macro F1: 0.976
Epoch 13 | Loss: 0.3879 | Validation loss: 0.2017 | LR: 0.0005 | Validation accuracy: 97.4% | Macro F1: 0.974
Epoch 14 | Loss: 0.3856 | Validation loss: 0.1870 | LR: 0.0005 | Validation accuracy: 98.2% | Macro F1: 0.981
Epoch 15 | Loss: 0.3832 | Validation loss: 0.1998 | LR: 0.0005 | Validation accuracy: 98.0% | Macro F1: 0.979
Epoch 16 | Loss: 0.3815 | Validation loss: 0.1940 | LR: 0.0005 | Validation accuracy: 97.7% | Macro F1: 0.976
Epoch 17 | Loss: 0.3805 | Validation loss: 0.1977 | LR: 0.0005 | Validation accuracy: 98.2% | Macro F1: 0.981
Epoch 18 | Loss: 0.3793 | Validation loss: 0.2016 | LR: 0.0005 | Validation accuracy: 97.8% | Macro F1: 0.978
Epoch 19 | Loss: 0.3969 | Validation loss: 0.1776 | LR: 0.0005 | Validation accuracy: 97.9% | Macro F1: 0.979
Epoch 20 | Loss: 0.3793 | Validation loss: 0.1662 | LR: 0.0005 | Validation accuracy: 98.6% | Macro F1: 0.985
Epoch 21 | Loss: 0.3756 | Validation loss: 0.1678 | LR: 0.0005 | Validation accuracy: 98.6% | Macro F1: 0.986
Epoch 22 | Loss: 0.3747 | Validation loss: 0.1572 | LR: 0.0005 | Validation accuracy: 99.1% | Macro F1: 0.991
Epoch 23 | Loss: 0.3739 | Validation loss: 0.1748 | LR: 0.0005 | Validation accuracy: 98.5% | Macro F1: 0.986
Epoch 24 | Loss: 0.3732 | Validation loss: 0.1703 | LR: 0.0005 | Validation accuracy: 98.5% | Macro F1: 0.985
Epoch 25 | Loss: 0.3724 | Validation loss: 0.1637 | LR: 0.0005 | Validation accuracy: 99.0% | Macro F1: 0.989
Learning rate reduced: 0.0005 -> 0.00025
Epoch 26 | Loss: 0.3719 | Validation loss: 0.1629 | LR: 0.0005 | Validation accuracy: 98.7% | Macro F1: 0.986
Epoch 27 | Loss: 0.3709 | Validation loss: 0.1637 | LR: 0.00025 | Validation accuracy: 98.7% | Macro F1: 0.986
Epoch 28 | Loss: 0.3704 | Validation loss: 0.1580 | LR: 0.00025 | Validation accuracy: 99.0% | Macro F1: 0.989
Epoch 29 | Loss: 0.3702 | Validation loss: 0.1518 | LR: 0.00025 | Validation accuracy: 99.3% | Macro F1: 0.993
Epoch 30 | Loss: 0.3700 | Validation loss: 0.1598 | LR: 0.00025 | Validation accuracy: 99.0% | Macro F1: 0.988
Epoch 31 | Loss: 0.3698 | Validation loss: 0.1641 | LR: 0.00025 | Validation accuracy: 99.0% | Macro F1: 0.989
Epoch 32 | Loss: 0.3697 | Validation loss: 0.1636 | LR: 0.00025 | Validation accuracy: 99.0% | Macro F1: 0.989
Learning rate reduced: 0.00025 -> 0.000125
Epoch 33 | Loss: 0.3694 | Validation loss: 0.1572 | LR: 0.00025 | Validation accuracy: 98.9% | Macro F1: 0.988
Epoch 34 | Loss: 0.3690 | Validation loss: 0.1582 | LR: 0.000125 | Validation accuracy: 99.1% | Macro F1: 0.991
Epoch 35 | Loss: 0.3689 | Validation loss: 0.1620 | LR: 0.000125 | Validation accuracy: 99.1% | Macro F1: 0.991
Epoch 36 | Loss: 0.3688 | Validation loss: 0.1528 | LR: 0.000125 | Validation accuracy: 99.2% | Macro F1: 0.991
Learning rate reduced: 0.000125 -> 6.25e-05
Epoch 37 | Loss: 0.3687 | Validation loss: 0.1566 | LR: 0.000125 | Validation accuracy: 99.2% | Macro F1: 0.990
Epoch 38 | Loss: 0.3684 | Validation loss: 0.1538 | LR: 6.25e-05 | Validation accuracy: 99.0% | Macro F1: 0.989
Epoch 39 | Loss: 0.3683 | Validation loss: 0.1530 | LR: 6.25e-05 | Validation accuracy: 99.1% | Macro F1: 0.990
Early stopping. Best epoch: 29
Trial 12 finished | Validation accuracy: 99.3% | Macro F1: 0.9925 | Best trial: 12
Tuning optionb: trial 13/16 | {'hidden_size': 128, 'dropout': 0.35, 'lr': 0.001, 'weight_decay': 0.0001}
Selected dataset: optionb
Dataset folder: <MEX2>/optionb
Device: cuda
Classes: 33 | Wake: ['HELLO_KIBO'] | Exit: SAGITTARIUS | Excluded: ['HELLO_BUDDY', 'KNOCK_KNOCK', 'OKAY_THANK_YOU']
train speakers: ['s0', 's1', 's10', 's101', 's102', 's103', 's104', 's105', 's106', 's107', 's108', 's109', 's11', 's110', 's111', 's112', 's113', 's114', 's115', 's116', 's117', 's118', 's119', 's12', 's120', 's121', 's122', 's123', 's124', 's125', 's126', 's127', 's128', 's129', 's13', 's130', 's131', 's132', 's133', 's134', 's135', 's136', 's137', 's138', 's139', 's14', 's140', 's15', 's16', 's17', 's18', 's19', 's2', 's20', 's21', 's22', 's23', 's24', 's25', 's26', 's27', 's28', 's29', 's3', 's30', 's31', 's32', 's33', 's34', 's35', 's36', 's37', 's38', 's39', 's4', 's40', 's41', 's42', 's43', 's44', 's45', 's46', 's47', 's48', 's49', 's5', 's50', 's51', 's52', 's53', 's54', 's55', 's56', 's57', 's58', 's59', 's6', 's60', 's61', 's62', 's63', 's64', 's65', 's66', 's67', 's68', 's69', 's7', 's70', 's71', 's72', 's73', 's74', 's75', 's76', 's77', 's78', 's79', 's8', 's80', 's9', 'sx']
val speakers: ['s141', 's142', 's143', 's144', 's145', 's81', 's82', 's83', 's84', 's85', 's86', 's87', 's88', 's89', 's90']
test speakers: ['s100', 's146', 's147', 's148', 's149', 's150', 's91', 's92', 's93', 's94', 's95', 's96', 's97', 's98', 's99']
Train/Val/Test: 16296/1919/1896 recordings
Architecture: crnn | GRU hidden size: 128
Dropout: 0.35 | Initial LR: 0.001 | Weight decay: 0.0001 | LR halves after 4 epochs without validation F1 improvement
Epoch 01 | Loss: 2.6470 | Validation loss: 1.3126 | LR: 0.001 | Validation accuracy: 66.3% | Macro F1: 0.620
Epoch 02 | Loss: 1.0320 | Validation loss: 0.5013 | LR: 0.001 | Validation accuracy: 88.9% | Macro F1: 0.886
Epoch 03 | Loss: 0.6284 | Validation loss: 0.3445 | LR: 0.001 | Validation accuracy: 92.5% | Macro F1: 0.923
Epoch 04 | Loss: 0.5148 | Validation loss: 0.2440 | LR: 0.001 | Validation accuracy: 95.8% | Macro F1: 0.955
Epoch 05 | Loss: 0.4647 | Validation loss: 0.2189 | LR: 0.001 | Validation accuracy: 96.1% | Macro F1: 0.959
Epoch 06 | Loss: 0.4411 | Validation loss: 0.1990 | LR: 0.001 | Validation accuracy: 97.1% | Macro F1: 0.969
Epoch 07 | Loss: 0.4254 | Validation loss: 0.1937 | LR: 0.001 | Validation accuracy: 96.8% | Macro F1: 0.965
Epoch 08 | Loss: 0.4149 | Validation loss: 0.1930 | LR: 0.001 | Validation accuracy: 97.4% | Macro F1: 0.975
Epoch 09 | Loss: 0.4057 | Validation loss: 0.1725 | LR: 0.001 | Validation accuracy: 98.2% | Macro F1: 0.981
Epoch 10 | Loss: 0.3995 | Validation loss: 0.1959 | LR: 0.001 | Validation accuracy: 97.2% | Macro F1: 0.972
Epoch 11 | Loss: 0.3948 | Validation loss: 0.1846 | LR: 0.001 | Validation accuracy: 97.6% | Macro F1: 0.976
Epoch 12 | Loss: 0.3906 | Validation loss: 0.1801 | LR: 0.001 | Validation accuracy: 97.9% | Macro F1: 0.978
Epoch 13 | Loss: 0.3870 | Validation loss: 0.1763 | LR: 0.001 | Validation accuracy: 98.2% | Macro F1: 0.981
Epoch 14 | Loss: 0.3973 | Validation loss: 0.1733 | LR: 0.001 | Validation accuracy: 97.0% | Macro F1: 0.967
Epoch 15 | Loss: 0.3899 | Validation loss: 0.1556 | LR: 0.001 | Validation accuracy: 97.8% | Macro F1: 0.976
Epoch 16 | Loss: 0.3819 | Validation loss: 0.1533 | LR: 0.001 | Validation accuracy: 98.6% | Macro F1: 0.986
Epoch 17 | Loss: 0.3788 | Validation loss: 0.1577 | LR: 0.001 | Validation accuracy: 98.4% | Macro F1: 0.982
Epoch 18 | Loss: 0.3771 | Validation loss: 0.1454 | LR: 0.001 | Validation accuracy: 98.7% | Macro F1: 0.986
Epoch 19 | Loss: 0.3760 | Validation loss: 0.1375 | LR: 0.001 | Validation accuracy: 99.0% | Macro F1: 0.989
Epoch 20 | Loss: 0.3752 | Validation loss: 0.1446 | LR: 0.001 | Validation accuracy: 98.7% | Macro F1: 0.986
Epoch 21 | Loss: 0.3740 | Validation loss: 0.1436 | LR: 0.001 | Validation accuracy: 98.7% | Macro F1: 0.987
Epoch 22 | Loss: 0.3736 | Validation loss: 0.1469 | LR: 0.001 | Validation accuracy: 98.9% | Macro F1: 0.987
Epoch 23 | Loss: 0.3729 | Validation loss: 0.1424 | LR: 0.001 | Validation accuracy: 99.1% | Macro F1: 0.990
Epoch 24 | Loss: 0.3722 | Validation loss: 0.1275 | LR: 0.001 | Validation accuracy: 99.2% | Macro F1: 0.991
Epoch 25 | Loss: 0.3975 | Validation loss: 0.2207 | LR: 0.001 | Validation accuracy: 95.1% | Macro F1: 0.950
Epoch 26 | Loss: 0.4015 | Validation loss: 0.1364 | LR: 0.001 | Validation accuracy: 98.8% | Macro F1: 0.987
Epoch 27 | Loss: 0.3761 | Validation loss: 0.1289 | LR: 0.001 | Validation accuracy: 99.0% | Macro F1: 0.989
Epoch 28 | Loss: 0.3736 | Validation loss: 0.1252 | LR: 0.001 | Validation accuracy: 99.2% | Macro F1: 0.992
Epoch 29 | Loss: 0.3723 | Validation loss: 0.1257 | LR: 0.001 | Validation accuracy: 99.0% | Macro F1: 0.989
Epoch 30 | Loss: 0.3715 | Validation loss: 0.1212 | LR: 0.001 | Validation accuracy: 99.1% | Macro F1: 0.991
Epoch 31 | Loss: 0.3712 | Validation loss: 0.1218 | LR: 0.001 | Validation accuracy: 99.2% | Macro F1: 0.991
Learning rate reduced: 0.001 -> 0.0005
Epoch 32 | Loss: 0.3707 | Validation loss: 0.1229 | LR: 0.001 | Validation accuracy: 99.2% | Macro F1: 0.991
Epoch 33 | Loss: 0.3701 | Validation loss: 0.1232 | LR: 0.0005 | Validation accuracy: 99.2% | Macro F1: 0.991
Epoch 34 | Loss: 0.3700 | Validation loss: 0.1232 | LR: 0.0005 | Validation accuracy: 99.4% | Macro F1: 0.994
Epoch 35 | Loss: 0.3698 | Validation loss: 0.1212 | LR: 0.0005 | Validation accuracy: 99.3% | Macro F1: 0.992
Epoch 36 | Loss: 0.3697 | Validation loss: 0.1224 | LR: 0.0005 | Validation accuracy: 99.4% | Macro F1: 0.994
Epoch 37 | Loss: 0.3696 | Validation loss: 0.1225 | LR: 0.0005 | Validation accuracy: 99.1% | Macro F1: 0.990
Learning rate reduced: 0.0005 -> 0.00025
Epoch 38 | Loss: 0.3695 | Validation loss: 0.1179 | LR: 0.0005 | Validation accuracy: 99.2% | Macro F1: 0.992
Epoch 39 | Loss: 0.3692 | Validation loss: 0.1160 | LR: 0.00025 | Validation accuracy: 99.3% | Macro F1: 0.993
Epoch 40 | Loss: 0.3690 | Validation loss: 0.1180 | LR: 0.00025 | Validation accuracy: 99.3% | Macro F1: 0.993
Epoch 41 | Loss: 0.3689 | Validation loss: 0.1191 | LR: 0.00025 | Validation accuracy: 99.2% | Macro F1: 0.992
Learning rate reduced: 0.00025 -> 0.000125
Epoch 42 | Loss: 0.3689 | Validation loss: 0.1170 | LR: 0.00025 | Validation accuracy: 99.2% | Macro F1: 0.992
Epoch 43 | Loss: 0.3687 | Validation loss: 0.1177 | LR: 0.000125 | Validation accuracy: 99.3% | Macro F1: 0.993
Epoch 44 | Loss: 0.3687 | Validation loss: 0.1223 | LR: 0.000125 | Validation accuracy: 99.2% | Macro F1: 0.992
Early stopping. Best epoch: 34
Trial 13 finished | Validation accuracy: 99.4% | Macro F1: 0.9938 | Best trial: 13
Tuning optionb: trial 14/16 | {'hidden_size': 128, 'dropout': 0.35, 'lr': 0.001, 'weight_decay': 0.001}
Selected dataset: optionb
Dataset folder: <MEX2>/optionb
Device: cuda
Classes: 33 | Wake: ['HELLO_KIBO'] | Exit: SAGITTARIUS | Excluded: ['HELLO_BUDDY', 'KNOCK_KNOCK', 'OKAY_THANK_YOU']
train speakers: ['s0', 's1', 's10', 's101', 's102', 's103', 's104', 's105', 's106', 's107', 's108', 's109', 's11', 's110', 's111', 's112', 's113', 's114', 's115', 's116', 's117', 's118', 's119', 's12', 's120', 's121', 's122', 's123', 's124', 's125', 's126', 's127', 's128', 's129', 's13', 's130', 's131', 's132', 's133', 's134', 's135', 's136', 's137', 's138', 's139', 's14', 's140', 's15', 's16', 's17', 's18', 's19', 's2', 's20', 's21', 's22', 's23', 's24', 's25', 's26', 's27', 's28', 's29', 's3', 's30', 's31', 's32', 's33', 's34', 's35', 's36', 's37', 's38', 's39', 's4', 's40', 's41', 's42', 's43', 's44', 's45', 's46', 's47', 's48', 's49', 's5', 's50', 's51', 's52', 's53', 's54', 's55', 's56', 's57', 's58', 's59', 's6', 's60', 's61', 's62', 's63', 's64', 's65', 's66', 's67', 's68', 's69', 's7', 's70', 's71', 's72', 's73', 's74', 's75', 's76', 's77', 's78', 's79', 's8', 's80', 's9', 'sx']
val speakers: ['s141', 's142', 's143', 's144', 's145', 's81', 's82', 's83', 's84', 's85', 's86', 's87', 's88', 's89', 's90']
test speakers: ['s100', 's146', 's147', 's148', 's149', 's150', 's91', 's92', 's93', 's94', 's95', 's96', 's97', 's98', 's99']
Train/Val/Test: 16296/1919/1896 recordings
Architecture: crnn | GRU hidden size: 128
Dropout: 0.35 | Initial LR: 0.001 | Weight decay: 0.001 | LR halves after 4 epochs without validation F1 improvement
Epoch 01 | Loss: 2.6616 | Validation loss: 1.3169 | LR: 0.001 | Validation accuracy: 66.8% | Macro F1: 0.625
Epoch 02 | Loss: 1.0525 | Validation loss: 0.5934 | LR: 0.001 | Validation accuracy: 85.8% | Macro F1: 0.856
Epoch 03 | Loss: 0.6436 | Validation loss: 0.3662 | LR: 0.001 | Validation accuracy: 92.4% | Macro F1: 0.923
Epoch 04 | Loss: 0.5217 | Validation loss: 0.2824 | LR: 0.001 | Validation accuracy: 94.4% | Macro F1: 0.943
Epoch 05 | Loss: 0.4742 | Validation loss: 0.2220 | LR: 0.001 | Validation accuracy: 96.4% | Macro F1: 0.962
Epoch 06 | Loss: 0.4456 | Validation loss: 0.2013 | LR: 0.001 | Validation accuracy: 97.2% | Macro F1: 0.972
Epoch 07 | Loss: 0.4295 | Validation loss: 0.2158 | LR: 0.001 | Validation accuracy: 96.5% | Macro F1: 0.964
Epoch 08 | Loss: 0.4169 | Validation loss: 0.2033 | LR: 0.001 | Validation accuracy: 97.0% | Macro F1: 0.969
Epoch 09 | Loss: 0.4074 | Validation loss: 0.1950 | LR: 0.001 | Validation accuracy: 97.1% | Macro F1: 0.970
Epoch 10 | Loss: 0.4005 | Validation loss: 0.1798 | LR: 0.001 | Validation accuracy: 97.8% | Macro F1: 0.977
Epoch 11 | Loss: 0.3949 | Validation loss: 0.1998 | LR: 0.001 | Validation accuracy: 97.4% | Macro F1: 0.973
Epoch 12 | Loss: 0.3903 | Validation loss: 0.1949 | LR: 0.001 | Validation accuracy: 97.7% | Macro F1: 0.977
Epoch 13 | Loss: 0.3872 | Validation loss: 0.2026 | LR: 0.001 | Validation accuracy: 97.3% | Macro F1: 0.973
Learning rate reduced: 0.001 -> 0.0005
Epoch 14 | Loss: 0.3845 | Validation loss: 0.1685 | LR: 0.001 | Validation accuracy: 97.7% | Macro F1: 0.977
Epoch 15 | Loss: 0.3809 | Validation loss: 0.1605 | LR: 0.0005 | Validation accuracy: 98.1% | Macro F1: 0.980
Epoch 16 | Loss: 0.3796 | Validation loss: 0.1644 | LR: 0.0005 | Validation accuracy: 97.9% | Macro F1: 0.979
Epoch 17 | Loss: 0.3788 | Validation loss: 0.1748 | LR: 0.0005 | Validation accuracy: 98.2% | Macro F1: 0.982
Epoch 18 | Loss: 0.3777 | Validation loss: 0.1664 | LR: 0.0005 | Validation accuracy: 98.3% | Macro F1: 0.983
Epoch 19 | Loss: 0.3768 | Validation loss: 0.1716 | LR: 0.0005 | Validation accuracy: 98.1% | Macro F1: 0.981
Epoch 20 | Loss: 0.3765 | Validation loss: 0.1707 | LR: 0.0005 | Validation accuracy: 97.6% | Macro F1: 0.976
Epoch 21 | Loss: 0.3757 | Validation loss: 0.1578 | LR: 0.0005 | Validation accuracy: 98.5% | Macro F1: 0.985
Epoch 22 | Loss: 0.3753 | Validation loss: 0.1670 | LR: 0.0005 | Validation accuracy: 98.4% | Macro F1: 0.983
Epoch 23 | Loss: 0.3748 | Validation loss: 0.1714 | LR: 0.0005 | Validation accuracy: 98.0% | Macro F1: 0.980
Epoch 24 | Loss: 0.3744 | Validation loss: 0.1749 | LR: 0.0005 | Validation accuracy: 97.9% | Macro F1: 0.978
Learning rate reduced: 0.0005 -> 0.00025
Epoch 25 | Loss: 0.3739 | Validation loss: 0.1810 | LR: 0.0005 | Validation accuracy: 98.0% | Macro F1: 0.980
Epoch 26 | Loss: 0.3727 | Validation loss: 0.1756 | LR: 0.00025 | Validation accuracy: 98.1% | Macro F1: 0.981
Epoch 27 | Loss: 0.3721 | Validation loss: 0.1643 | LR: 0.00025 | Validation accuracy: 98.2% | Macro F1: 0.982
Epoch 28 | Loss: 0.3720 | Validation loss: 0.1630 | LR: 0.00025 | Validation accuracy: 98.3% | Macro F1: 0.982
Learning rate reduced: 0.00025 -> 0.000125
Epoch 29 | Loss: 0.3717 | Validation loss: 0.1604 | LR: 0.00025 | Validation accuracy: 98.4% | Macro F1: 0.984
Epoch 30 | Loss: 0.3713 | Validation loss: 0.1662 | LR: 0.000125 | Validation accuracy: 98.2% | Macro F1: 0.981
Epoch 31 | Loss: 0.3712 | Validation loss: 0.1686 | LR: 0.000125 | Validation accuracy: 98.0% | Macro F1: 0.980
Early stopping. Best epoch: 21
Trial 14 finished | Validation accuracy: 98.5% | Macro F1: 0.9853 | Best trial: 13
Tuning optionb: trial 15/16 | {'hidden_size': 128, 'dropout': 0.35, 'lr': 0.0005, 'weight_decay': 0.0001}
Selected dataset: optionb
Dataset folder: <MEX2>/optionb
Device: cuda
Classes: 33 | Wake: ['HELLO_KIBO'] | Exit: SAGITTARIUS | Excluded: ['HELLO_BUDDY', 'KNOCK_KNOCK', 'OKAY_THANK_YOU']
train speakers: ['s0', 's1', 's10', 's101', 's102', 's103', 's104', 's105', 's106', 's107', 's108', 's109', 's11', 's110', 's111', 's112', 's113', 's114', 's115', 's116', 's117', 's118', 's119', 's12', 's120', 's121', 's122', 's123', 's124', 's125', 's126', 's127', 's128', 's129', 's13', 's130', 's131', 's132', 's133', 's134', 's135', 's136', 's137', 's138', 's139', 's14', 's140', 's15', 's16', 's17', 's18', 's19', 's2', 's20', 's21', 's22', 's23', 's24', 's25', 's26', 's27', 's28', 's29', 's3', 's30', 's31', 's32', 's33', 's34', 's35', 's36', 's37', 's38', 's39', 's4', 's40', 's41', 's42', 's43', 's44', 's45', 's46', 's47', 's48', 's49', 's5', 's50', 's51', 's52', 's53', 's54', 's55', 's56', 's57', 's58', 's59', 's6', 's60', 's61', 's62', 's63', 's64', 's65', 's66', 's67', 's68', 's69', 's7', 's70', 's71', 's72', 's73', 's74', 's75', 's76', 's77', 's78', 's79', 's8', 's80', 's9', 'sx']
val speakers: ['s141', 's142', 's143', 's144', 's145', 's81', 's82', 's83', 's84', 's85', 's86', 's87', 's88', 's89', 's90']
test speakers: ['s100', 's146', 's147', 's148', 's149', 's150', 's91', 's92', 's93', 's94', 's95', 's96', 's97', 's98', 's99']
Train/Val/Test: 16296/1919/1896 recordings
Architecture: crnn | GRU hidden size: 128
Dropout: 0.35 | Initial LR: 0.0005 | Weight decay: 0.0001 | LR halves after 4 epochs without validation F1 improvement
Epoch 01 | Loss: 2.6237 | Validation loss: 1.3661 | LR: 0.0005 | Validation accuracy: 66.5% | Macro F1: 0.630
Epoch 02 | Loss: 1.0634 | Validation loss: 0.5798 | LR: 0.0005 | Validation accuracy: 88.4% | Macro F1: 0.879
Epoch 03 | Loss: 0.6431 | Validation loss: 0.3145 | LR: 0.0005 | Validation accuracy: 94.2% | Macro F1: 0.940
Epoch 04 | Loss: 0.5133 | Validation loss: 0.2973 | LR: 0.0005 | Validation accuracy: 93.6% | Macro F1: 0.937
Epoch 05 | Loss: 0.4685 | Validation loss: 0.2444 | LR: 0.0005 | Validation accuracy: 95.0% | Macro F1: 0.950
Epoch 06 | Loss: 0.4428 | Validation loss: 0.2368 | LR: 0.0005 | Validation accuracy: 95.7% | Macro F1: 0.957
Epoch 07 | Loss: 0.4279 | Validation loss: 0.2181 | LR: 0.0005 | Validation accuracy: 96.4% | Macro F1: 0.962
Epoch 08 | Loss: 0.4181 | Validation loss: 0.2053 | LR: 0.0005 | Validation accuracy: 97.4% | Macro F1: 0.973
Epoch 09 | Loss: 0.4125 | Validation loss: 0.2030 | LR: 0.0005 | Validation accuracy: 97.2% | Macro F1: 0.971
Epoch 10 | Loss: 0.4059 | Validation loss: 0.1967 | LR: 0.0005 | Validation accuracy: 97.2% | Macro F1: 0.972
Epoch 11 | Loss: 0.4019 | Validation loss: 0.1909 | LR: 0.0005 | Validation accuracy: 97.6% | Macro F1: 0.976
Epoch 12 | Loss: 0.3982 | Validation loss: 0.1752 | LR: 0.0005 | Validation accuracy: 97.9% | Macro F1: 0.978
Epoch 13 | Loss: 0.3947 | Validation loss: 0.1931 | LR: 0.0005 | Validation accuracy: 97.6% | Macro F1: 0.975
Epoch 14 | Loss: 0.3921 | Validation loss: 0.1763 | LR: 0.0005 | Validation accuracy: 98.2% | Macro F1: 0.982
Epoch 15 | Loss: 0.3888 | Validation loss: 0.1811 | LR: 0.0005 | Validation accuracy: 98.4% | Macro F1: 0.983
Epoch 16 | Loss: 0.3867 | Validation loss: 0.1906 | LR: 0.0005 | Validation accuracy: 97.7% | Macro F1: 0.976
Epoch 17 | Loss: 0.3854 | Validation loss: 0.1686 | LR: 0.0005 | Validation accuracy: 98.3% | Macro F1: 0.983
Epoch 18 | Loss: 0.3840 | Validation loss: 0.1658 | LR: 0.0005 | Validation accuracy: 98.4% | Macro F1: 0.983
Epoch 19 | Loss: 0.3817 | Validation loss: 0.1628 | LR: 0.0005 | Validation accuracy: 98.3% | Macro F1: 0.983
Epoch 20 | Loss: 0.3806 | Validation loss: 0.1780 | LR: 0.0005 | Validation accuracy: 98.2% | Macro F1: 0.981
Epoch 21 | Loss: 0.3789 | Validation loss: 0.1825 | LR: 0.0005 | Validation accuracy: 97.9% | Macro F1: 0.978
Learning rate reduced: 0.0005 -> 0.00025
Epoch 22 | Loss: 0.3780 | Validation loss: 0.1809 | LR: 0.0005 | Validation accuracy: 97.8% | Macro F1: 0.977
Epoch 23 | Loss: 0.3757 | Validation loss: 0.1783 | LR: 0.00025 | Validation accuracy: 98.0% | Macro F1: 0.979
Epoch 24 | Loss: 0.3750 | Validation loss: 0.1662 | LR: 0.00025 | Validation accuracy: 98.2% | Macro F1: 0.981
Epoch 25 | Loss: 0.3745 | Validation loss: 0.1543 | LR: 0.00025 | Validation accuracy: 98.5% | Macro F1: 0.985
Epoch 26 | Loss: 0.3743 | Validation loss: 0.1643 | LR: 0.00025 | Validation accuracy: 98.4% | Macro F1: 0.983
Epoch 27 | Loss: 0.3738 | Validation loss: 0.1682 | LR: 0.00025 | Validation accuracy: 98.0% | Macro F1: 0.979
Epoch 28 | Loss: 0.3737 | Validation loss: 0.1612 | LR: 0.00025 | Validation accuracy: 98.5% | Macro F1: 0.984
Learning rate reduced: 0.00025 -> 0.000125
Epoch 29 | Loss: 0.3732 | Validation loss: 0.1702 | LR: 0.00025 | Validation accuracy: 98.3% | Macro F1: 0.982
Epoch 30 | Loss: 0.3724 | Validation loss: 0.1575 | LR: 0.000125 | Validation accuracy: 98.6% | Macro F1: 0.985
Epoch 31 | Loss: 0.3722 | Validation loss: 0.1675 | LR: 0.000125 | Validation accuracy: 98.4% | Macro F1: 0.983
Epoch 32 | Loss: 0.3720 | Validation loss: 0.1622 | LR: 0.000125 | Validation accuracy: 98.5% | Macro F1: 0.984
Epoch 33 | Loss: 0.3718 | Validation loss: 0.1573 | LR: 0.000125 | Validation accuracy: 98.6% | Macro F1: 0.986
Epoch 34 | Loss: 0.3718 | Validation loss: 0.1613 | LR: 0.000125 | Validation accuracy: 98.6% | Macro F1: 0.985
Epoch 35 | Loss: 0.3717 | Validation loss: 0.1609 | LR: 0.000125 | Validation accuracy: 98.6% | Macro F1: 0.986
Epoch 36 | Loss: 0.3714 | Validation loss: 0.1599 | LR: 0.000125 | Validation accuracy: 98.4% | Macro F1: 0.983
Epoch 37 | Loss: 0.3713 | Validation loss: 0.1617 | LR: 0.000125 | Validation accuracy: 98.4% | Macro F1: 0.983
Epoch 38 | Loss: 0.3712 | Validation loss: 0.1673 | LR: 0.000125 | Validation accuracy: 98.1% | Macro F1: 0.980
Learning rate reduced: 0.000125 -> 6.25e-05
Epoch 39 | Loss: 0.3712 | Validation loss: 0.1495 | LR: 0.000125 | Validation accuracy: 98.6% | Macro F1: 0.986
Epoch 40 | Loss: 0.3706 | Validation loss: 0.1571 | LR: 6.25e-05 | Validation accuracy: 98.6% | Macro F1: 0.985
Epoch 41 | Loss: 0.3706 | Validation loss: 0.1520 | LR: 6.25e-05 | Validation accuracy: 98.7% | Macro F1: 0.986
Epoch 42 | Loss: 0.3704 | Validation loss: 0.1526 | LR: 6.25e-05 | Validation accuracy: 98.6% | Macro F1: 0.985
Epoch 43 | Loss: 0.3703 | Validation loss: 0.1633 | LR: 6.25e-05 | Validation accuracy: 98.4% | Macro F1: 0.983
Epoch 44 | Loss: 0.3702 | Validation loss: 0.1514 | LR: 6.25e-05 | Validation accuracy: 98.6% | Macro F1: 0.985
Learning rate reduced: 6.25e-05 -> 3.125e-05
Epoch 45 | Loss: 0.3704 | Validation loss: 0.1496 | LR: 6.25e-05 | Validation accuracy: 98.6% | Macro F1: 0.985
Epoch 46 | Loss: 0.3701 | Validation loss: 0.1613 | LR: 3.125e-05 | Validation accuracy: 98.6% | Macro F1: 0.985
Epoch 47 | Loss: 0.3700 | Validation loss: 0.1521 | LR: 3.125e-05 | Validation accuracy: 98.6% | Macro F1: 0.985
Epoch 48 | Loss: 0.3700 | Validation loss: 0.1512 | LR: 3.125e-05 | Validation accuracy: 98.6% | Macro F1: 0.985
Epoch 49 | Loss: 0.3700 | Validation loss: 0.1512 | LR: 3.125e-05 | Validation accuracy: 98.7% | Macro F1: 0.986
Epoch 50 | Loss: 0.3699 | Validation loss: 0.1558 | LR: 3.125e-05 | Validation accuracy: 98.5% | Macro F1: 0.985
Epoch 51 | Loss: 0.3698 | Validation loss: 0.1529 | LR: 3.125e-05 | Validation accuracy: 98.6% | Macro F1: 0.986
Epoch 52 | Loss: 0.3699 | Validation loss: 0.1589 | LR: 3.125e-05 | Validation accuracy: 98.7% | Macro F1: 0.986
Epoch 53 | Loss: 0.3699 | Validation loss: 0.1552 | LR: 3.125e-05 | Validation accuracy: 98.6% | Macro F1: 0.986
Epoch 54 | Loss: 0.3698 | Validation loss: 0.1530 | LR: 3.125e-05 | Validation accuracy: 98.5% | Macro F1: 0.985
Epoch 55 | Loss: 0.3697 | Validation loss: 0.1532 | LR: 3.125e-05 | Validation accuracy: 98.6% | Macro F1: 0.985
Learning rate reduced: 3.125e-05 -> 1.5625e-05
Epoch 56 | Loss: 0.3697 | Validation loss: 0.1558 | LR: 3.125e-05 | Validation accuracy: 98.6% | Macro F1: 0.985
Epoch 57 | Loss: 0.3697 | Validation loss: 0.1570 | LR: 1.5625e-05 | Validation accuracy: 98.4% | Macro F1: 0.984
Epoch 58 | Loss: 0.3697 | Validation loss: 0.1523 | LR: 1.5625e-05 | Validation accuracy: 98.5% | Macro F1: 0.984
Epoch 59 | Loss: 0.3696 | Validation loss: 0.1489 | LR: 1.5625e-05 | Validation accuracy: 98.5% | Macro F1: 0.985
Learning rate reduced: 1.5625e-05 -> 1e-05
Epoch 60 | Loss: 0.3696 | Validation loss: 0.1494 | LR: 1.5625e-05 | Validation accuracy: 98.5% | Macro F1: 0.984
Trial 15 finished | Validation accuracy: 98.7% | Macro F1: 0.9863 | Best trial: 13
Tuning optionb: trial 16/16 | {'hidden_size': 128, 'dropout': 0.35, 'lr': 0.0005, 'weight_decay': 0.001}
Selected dataset: optionb
Dataset folder: <MEX2>/optionb
Device: cuda
Classes: 33 | Wake: ['HELLO_KIBO'] | Exit: SAGITTARIUS | Excluded: ['HELLO_BUDDY', 'KNOCK_KNOCK', 'OKAY_THANK_YOU']
train speakers: ['s0', 's1', 's10', 's101', 's102', 's103', 's104', 's105', 's106', 's107', 's108', 's109', 's11', 's110', 's111', 's112', 's113', 's114', 's115', 's116', 's117', 's118', 's119', 's12', 's120', 's121', 's122', 's123', 's124', 's125', 's126', 's127', 's128', 's129', 's13', 's130', 's131', 's132', 's133', 's134', 's135', 's136', 's137', 's138', 's139', 's14', 's140', 's15', 's16', 's17', 's18', 's19', 's2', 's20', 's21', 's22', 's23', 's24', 's25', 's26', 's27', 's28', 's29', 's3', 's30', 's31', 's32', 's33', 's34', 's35', 's36', 's37', 's38', 's39', 's4', 's40', 's41', 's42', 's43', 's44', 's45', 's46', 's47', 's48', 's49', 's5', 's50', 's51', 's52', 's53', 's54', 's55', 's56', 's57', 's58', 's59', 's6', 's60', 's61', 's62', 's63', 's64', 's65', 's66', 's67', 's68', 's69', 's7', 's70', 's71', 's72', 's73', 's74', 's75', 's76', 's77', 's78', 's79', 's8', 's80', 's9', 'sx']
val speakers: ['s141', 's142', 's143', 's144', 's145', 's81', 's82', 's83', 's84', 's85', 's86', 's87', 's88', 's89', 's90']
test speakers: ['s100', 's146', 's147', 's148', 's149', 's150', 's91', 's92', 's93', 's94', 's95', 's96', 's97', 's98', 's99']
Train/Val/Test: 16296/1919/1896 recordings
Architecture: crnn | GRU hidden size: 128
Dropout: 0.35 | Initial LR: 0.0005 | Weight decay: 0.001 | LR halves after 4 epochs without validation F1 improvement
Epoch 01 | Loss: 2.6268 | Validation loss: 1.3627 | LR: 0.0005 | Validation accuracy: 67.7% | Macro F1: 0.639
Epoch 02 | Loss: 1.0658 | Validation loss: 0.5798 | LR: 0.0005 | Validation accuracy: 87.7% | Macro F1: 0.872
Epoch 03 | Loss: 0.6483 | Validation loss: 0.3228 | LR: 0.0005 | Validation accuracy: 94.0% | Macro F1: 0.939
Epoch 04 | Loss: 0.5154 | Validation loss: 0.2751 | LR: 0.0005 | Validation accuracy: 94.7% | Macro F1: 0.948
Epoch 05 | Loss: 0.4702 | Validation loss: 0.2377 | LR: 0.0005 | Validation accuracy: 95.6% | Macro F1: 0.955
Epoch 06 | Loss: 0.4429 | Validation loss: 0.2325 | LR: 0.0005 | Validation accuracy: 95.8% | Macro F1: 0.958
Epoch 07 | Loss: 0.4288 | Validation loss: 0.2345 | LR: 0.0005 | Validation accuracy: 95.6% | Macro F1: 0.956
Epoch 08 | Loss: 0.4190 | Validation loss: 0.2085 | LR: 0.0005 | Validation accuracy: 97.3% | Macro F1: 0.973
Epoch 09 | Loss: 0.4138 | Validation loss: 0.2093 | LR: 0.0005 | Validation accuracy: 97.0% | Macro F1: 0.969
Epoch 10 | Loss: 0.4082 | Validation loss: 0.2034 | LR: 0.0005 | Validation accuracy: 97.2% | Macro F1: 0.971
Epoch 11 | Loss: 0.4022 | Validation loss: 0.1957 | LR: 0.0005 | Validation accuracy: 97.6% | Macro F1: 0.976
Epoch 12 | Loss: 0.3979 | Validation loss: 0.1852 | LR: 0.0005 | Validation accuracy: 97.7% | Macro F1: 0.976
Epoch 13 | Loss: 0.3944 | Validation loss: 0.1909 | LR: 0.0005 | Validation accuracy: 98.0% | Macro F1: 0.978
Epoch 14 | Loss: 0.3916 | Validation loss: 0.1870 | LR: 0.0005 | Validation accuracy: 97.9% | Macro F1: 0.979
Epoch 15 | Loss: 0.3884 | Validation loss: 0.1880 | LR: 0.0005 | Validation accuracy: 97.8% | Macro F1: 0.977
Epoch 16 | Loss: 0.3868 | Validation loss: 0.1798 | LR: 0.0005 | Validation accuracy: 97.9% | Macro F1: 0.978
Epoch 17 | Loss: 0.3858 | Validation loss: 0.1782 | LR: 0.0005 | Validation accuracy: 98.2% | Macro F1: 0.982
Epoch 18 | Loss: 0.3836 | Validation loss: 0.1764 | LR: 0.0005 | Validation accuracy: 98.2% | Macro F1: 0.981
Epoch 19 | Loss: 0.3833 | Validation loss: 0.1788 | LR: 0.0005 | Validation accuracy: 98.2% | Macro F1: 0.982
Epoch 20 | Loss: 0.3816 | Validation loss: 0.1645 | LR: 0.0005 | Validation accuracy: 98.4% | Macro F1: 0.984
Epoch 21 | Loss: 0.3795 | Validation loss: 0.1687 | LR: 0.0005 | Validation accuracy: 98.4% | Macro F1: 0.984
Epoch 22 | Loss: 0.3778 | Validation loss: 0.1656 | LR: 0.0005 | Validation accuracy: 98.1% | Macro F1: 0.981
Epoch 23 | Loss: 0.3768 | Validation loss: 0.1764 | LR: 0.0005 | Validation accuracy: 98.3% | Macro F1: 0.983
Epoch 24 | Loss: 0.3758 | Validation loss: 0.1674 | LR: 0.0005 | Validation accuracy: 98.2% | Macro F1: 0.982
Epoch 25 | Loss: 0.3753 | Validation loss: 0.1620 | LR: 0.0005 | Validation accuracy: 98.5% | Macro F1: 0.985
Epoch 26 | Loss: 0.3744 | Validation loss: 0.1615 | LR: 0.0005 | Validation accuracy: 98.2% | Macro F1: 0.982
Epoch 27 | Loss: 0.3886 | Validation loss: 0.2497 | LR: 0.0005 | Validation accuracy: 96.0% | Macro F1: 0.960
Epoch 28 | Loss: 0.3874 | Validation loss: 0.1412 | LR: 0.0005 | Validation accuracy: 98.9% | Macro F1: 0.989
Epoch 29 | Loss: 0.3746 | Validation loss: 0.1444 | LR: 0.0005 | Validation accuracy: 98.9% | Macro F1: 0.988
Epoch 30 | Loss: 0.3734 | Validation loss: 0.1397 | LR: 0.0005 | Validation accuracy: 98.8% | Macro F1: 0.988
Epoch 31 | Loss: 0.3727 | Validation loss: 0.1455 | LR: 0.0005 | Validation accuracy: 98.8% | Macro F1: 0.987
Learning rate reduced: 0.0005 -> 0.00025
Epoch 32 | Loss: 0.3721 | Validation loss: 0.1429 | LR: 0.0005 | Validation accuracy: 98.7% | Macro F1: 0.987
Epoch 33 | Loss: 0.3715 | Validation loss: 0.1369 | LR: 0.00025 | Validation accuracy: 99.1% | Macro F1: 0.990
Epoch 34 | Loss: 0.3713 | Validation loss: 0.1408 | LR: 0.00025 | Validation accuracy: 99.0% | Macro F1: 0.989
Epoch 35 | Loss: 0.3710 | Validation loss: 0.1385 | LR: 0.00025 | Validation accuracy: 99.0% | Macro F1: 0.989
Epoch 36 | Loss: 0.3708 | Validation loss: 0.1362 | LR: 0.00025 | Validation accuracy: 99.2% | Macro F1: 0.991
Epoch 37 | Loss: 0.3707 | Validation loss: 0.1285 | LR: 0.00025 | Validation accuracy: 99.3% | Macro F1: 0.992
Epoch 38 | Loss: 0.3705 | Validation loss: 0.1309 | LR: 0.00025 | Validation accuracy: 99.3% | Macro F1: 0.992
Epoch 39 | Loss: 0.3704 | Validation loss: 0.1394 | LR: 0.00025 | Validation accuracy: 98.9% | Macro F1: 0.988
Epoch 40 | Loss: 0.3702 | Validation loss: 0.1327 | LR: 0.00025 | Validation accuracy: 99.0% | Macro F1: 0.989
Learning rate reduced: 0.00025 -> 0.000125
Epoch 41 | Loss: 0.3701 | Validation loss: 0.1303 | LR: 0.00025 | Validation accuracy: 99.2% | Macro F1: 0.992
Epoch 42 | Loss: 0.3698 | Validation loss: 0.1308 | LR: 0.000125 | Validation accuracy: 99.1% | Macro F1: 0.990
Epoch 43 | Loss: 0.3696 | Validation loss: 0.1391 | LR: 0.000125 | Validation accuracy: 99.0% | Macro F1: 0.989
Epoch 44 | Loss: 0.3696 | Validation loss: 0.1307 | LR: 0.000125 | Validation accuracy: 99.2% | Macro F1: 0.991
Learning rate reduced: 0.000125 -> 6.25e-05
Epoch 45 | Loss: 0.3696 | Validation loss: 0.1390 | LR: 0.000125 | Validation accuracy: 99.0% | Macro F1: 0.989
Epoch 46 | Loss: 0.3693 | Validation loss: 0.1366 | LR: 6.25e-05 | Validation accuracy: 99.2% | Macro F1: 0.991
Epoch 47 | Loss: 0.3692 | Validation loss: 0.1310 | LR: 6.25e-05 | Validation accuracy: 99.1% | Macro F1: 0.990
Early stopping. Best epoch: 37
Trial 16 finished | Validation accuracy: 99.3% | Macro F1: 0.9921 | Best trial: 13
Selected trial 13 by validation macro F1. Evaluating selected checkpoint.
Selected dataset: optionb
Dataset folder: <MEX2>/optionb
Device: cuda
Classes: 33 | Wake: ['HELLO_KIBO'] | Exit: SAGITTARIUS | Excluded: ['HELLO_BUDDY', 'KNOCK_KNOCK', 'OKAY_THANK_YOU']
train speakers: ['s0', 's1', 's10', 's101', 's102', 's103', 's104', 's105', 's106', 's107', 's108', 's109', 's11', 's110', 's111', 's112', 's113', 's114', 's115', 's116', 's117', 's118', 's119', 's12', 's120', 's121', 's122', 's123', 's124', 's125', 's126', 's127', 's128', 's129', 's13', 's130', 's131', 's132', 's133', 's134', 's135', 's136', 's137', 's138', 's139', 's14', 's140', 's15', 's16', 's17', 's18', 's19', 's2', 's20', 's21', 's22', 's23', 's24', 's25', 's26', 's27', 's28', 's29', 's3', 's30', 's31', 's32', 's33', 's34', 's35', 's36', 's37', 's38', 's39', 's4', 's40', 's41', 's42', 's43', 's44', 's45', 's46', 's47', 's48', 's49', 's5', 's50', 's51', 's52', 's53', 's54', 's55', 's56', 's57', 's58', 's59', 's6', 's60', 's61', 's62', 's63', 's64', 's65', 's66', 's67', 's68', 's69', 's7', 's70', 's71', 's72', 's73', 's74', 's75', 's76', 's77', 's78', 's79', 's8', 's80', 's9', 'sx']
val speakers: ['s141', 's142', 's143', 's144', 's145', 's81', 's82', 's83', 's84', 's85', 's86', 's87', 's88', 's89', 's90']
test speakers: ['s100', 's146', 's147', 's148', 's149', 's150', 's91', 's92', 's93', 's94', 's95', 's96', 's97', 's98', 's99']
Train/Val/Test: 16296/1919/1896 recordings
Architecture: crnn | GRU hidden size: 128
Dropout: 0.35 | Initial LR: 0.001 | Weight decay: 0.0001 | LR halves after 4 epochs without validation F1 improvement
Measuring batch-size-1 test inference latency (5 repeats per recording).
TEST accuracy: 99.9% | Loss: 0.062628 | Macro F1: 0.999
Metrics report: <MEX2>/results2/optionb_99.9/metrics.md
Saved model: <MEX2>/results2/optionb_99.9/best_model.pt
Saved classifications: <MEX2>/results2/optionb_99.9/results.csv
Tuning complete. Temporary tuning workspace removed; final results: <MEX2>/results2/optionb_99.9_tuning
